Workbook
Name list_totals: YearToDate!$A$9:$Q$34
Name monthNames: {"January";"February";"March";"April";"May";"June";"July";"August";"September";"October";"November";"December"}
Name valuevx: 42.314159

Sheet YearToDate
A1: Employee Leave Tracker | S1: PERAMARE MEDICAL
T2: Employee Leave Tracker
A3: Year: | B3: 2024 | T3: ◄ STEP 1: Update the Year
A5: A = Annual, S = Sick, M = Maternity, CM = Compationate, T = Terminal leave, ST = Study, E = Examination, CA = Casual | T5: ◄ STEP 2a: Define the Types of Leave
A7: Employee | C7: Year Totals
C8: ANNUAL | E8: SICK | G8: MATERNITY | I8: COMPASSIONATE | K8: TERMINAL | M8: STUDY | O8: EXAMINATION | Q8: CASUAL
A9: ID | B9: Name | C9: A | D9: Balance | E9: S | F9: =D9 -> Balance | G9: M | H9: =F9 -> Balance | I9: CM | J9: =H9 -> Balance | K9: T | L9: =J9 -> Balance | M9: ST | N9: =L9 -> Balance | O9: E | P9: =N9 -> Balance | Q9: CA | R9: =P9 -> Balance | S9: Total | T9: ◄ STEP 2b: Update the Labels for the Types of Leave
A10: 1 | B10: AHMAN ABDULJABBAR | C10: =IFERROR(INDEX(Aug!AH$6:AH$31,MATCH($A10,Aug!$A$6:$A$31,0)),0)+IFERROR(INDEX(Sep!AH$6:AH$31,MATCH($A10,Sep!$A$6:$A$31,0)),0)+IFERROR(INDEX(Oct!AH$6:AH$31,MATCH($A10,Oct!$A$6:$A$31,0)),0)+IFERROR(INDEX(Nov!AH$6:AH$31,MATCH($A10,Nov!$A$6:$A$31,0)),0)+IFERROR(INDEX(Dec!AH$6:AH$31,MATCH($A10,Dec!$A$6:$A$31,0)),0)+IFERROR(INDEX(Jan!AH$6:AH$32,MATCH($A10,Jan!$A$6:$A$32,0)),0)+IFERROR(INDEX(Feb!AH$6:AH$28,MATCH($A10,Feb!$A$6:$A$28,0)),0)+IFERROR(INDEX(Mar!AH$6:AH$31,MATCH($A10,Mar!$A$6:$A$31,0)),0)+IFERROR(INDEX(Apr!AH$6:AH$31,MATCH($A10,Apr!$A$6:$A$31,0)),0)+IFERROR(INDEX(May!AH$6:AH$31,MATCH($A10,May!$A$6:$A$31,0)),0)+IFERROR(INDEX(Jun!AH$6:AH$31,MATCH($A10,Jun!$A$6:$A$31,0)),0)+IFERROR(INDEX(Jul!AH$6:AH$31,MATCH($A10,Jul!$A$6:$A$31,0)),0) -> 0 | D10: =IF(C10>0, 21-C10, "") | E10: =IFERROR(INDEX(Aug!AI$6:AI$31,MATCH($A10,Aug!$A$6:$A$31,0)),0)+IFERROR(INDEX(Sep!AI$6:AI$31,MATCH($A10,Sep!$A$6:$A$31,0)),0)+IFERROR(INDEX(Oct!AI$6:AI$31,MATCH($A10,Oct!$A$6:$A$31,0)),0)+IFERROR(INDEX(Nov!AI$6:AI$31,MATCH($A10,Nov!$A$6:$A$31,0)),0)+IFERROR(INDEX(Dec!AI$6:AI$31,MATCH($A10,Dec!$A$6:$A$31,0)),0)+IFERROR(INDEX(Jan!AI$6:AI$32,MATCH($A10,Jan!$A$6:$A$32,0)),0)+IFERROR(INDEX(Feb!AI$6:AI$28,MATCH($A10,Feb!$A$6:$A$28,0)),0)+IFERROR(INDEX(Mar!AI$6:AI$31,MATCH($A10,Mar!$A$6:$A$31,0)),0)+IFERROR(INDEX(Apr!AI$6:AI$31,MATCH($A10,Apr!$A$6:$A$31,0)),0)+IFERROR(INDEX(May!AI$6:AI$31,MATCH($A10,May!$A$6:$A$31,0)),0)+IFERROR(INDEX(Jun!AI$6:AI$31,MATCH($A10,Jun!$A$6:$A$31,0)),0)+IFERROR(INDEX(Jul!AI$6:AI$31,MATCH($A10,Jul!$A$6:$A$31,0)),0) -> 0 | F10: =IF(E10>0, 15-E10, "") | G10: =IFERROR(INDEX(Aug!AJ$6:AJ$31,MATCH($A10,Aug!$A$6:$A$31,0)),0)+IFERROR(INDEX(Sep!AJ$6:AJ$31,MATCH($A10,Sep!$A$6:$A$31,0)),0)+IFERROR(INDEX(Oct!AJ$6:AJ$31,MATCH($A10,Oct!$A$6:$A$31,0)),0)+IFERROR(INDEX(Nov!AJ$6:AJ$31,MATCH($A10,Nov!$A$6:$A$31,0)),0)+IFERROR(INDEX(Dec!AJ$6:AJ$31,MATCH($A10,Dec!$A$6:$A$31,0)),0)+IFERROR(INDEX(Jan!AJ$6:AJ$32,MATCH($A10,Jan!$A$6:$A$32,0)),0)+IFERROR(INDEX(Feb!AJ$6:AJ$28,MATCH($A10,Feb!$A$6:$A$28,0)),0)+IFERROR(INDEX(Mar!AJ$6:AJ$31,MATCH($A10,Mar!$A$6:$A$31,0)),0)+IFERROR(INDEX(Apr!AJ$6:AJ$31,MATCH($A10,Apr!$A$6:$A$31,0)),0)+IFERROR(INDEX(May!AJ$6:AJ$31,MATCH($A10,May!$A$6:$A$31,0)),0)+IFERROR(INDEX(Jun!AJ$6:AJ$31,MATCH($A10,Jun!$A$6:$A$31,0)),0)+IFERROR(INDEX(Jul!AJ$6:AJ$31,MATCH($A10,Jul!$A$6:$A$31,0)),0) -> 0 | H10: =IF(G10>0, 80-G10, "") | I10: =IFERROR(INDEX(Aug!AK$6:AK$31,MATCH($A10,Aug!$A$6:$A$31,0)),0)+IFERROR(INDEX(Sep!AK$6:AK$31,MATCH($A10,Sep!$A$6:$A$31,0)),0)+IFERROR(INDEX(Oct!AK$6:AK$31,MATCH($A10,Oct!$A$6:$A$31,0)),0)+IFERROR(INDEX(Nov!AK$6:AK$31,MATCH($A10,Nov!$A$6:$A$31,0)),0)+IFERROR(INDEX(Dec!AK$6:AK$31,MATCH($A10,Dec!$A$6:$A$31,0)),0)+IFERROR(INDEX(Jan!AK$6:AK$32,MATCH($A10,Jan!$A$6:$A$32,0)),0)+IFERROR(INDEX(Feb!AK$6:AK$28,MATCH($A10,Feb!$A$6:$A$28,0)),0)+IFERROR(INDEX(Mar!AK$6:AK$31,MATCH($A10,Mar!$A$6:$A$31,0)),0)+IFERROR(INDEX(Apr!AK$6:AK$31,MATCH($A10,Apr!$A$6:$A$31,0)),0)+IFERROR(INDEX(May!AK$6:AK$31,MATCH($A10,May!$A$6:$A$31,0)),0)+IFERROR(INDEX(Jun!AK$6:AK$31,MATCH($A10,Jun!$A$6:$A$31,0)),0)+IFERROR(INDEX(Jul!AK$6:AK$31,MATCH($A10,Jul!$A$6:$A$31,0)),0) -> 0 | J10: =IF(I10>0, 5-I10, "") | K10: =IFERROR(INDEX(Aug!AL$6:AL$31,MATCH($A10,Aug!$A$6:$A$31,0)),0)+IFERROR(INDEX(Sep!AL$6:AL$31,MATCH($A10,Sep!$A$6:$A$31,0)),0)+IFERROR(INDEX(Oct!AL$6:AL$31,MATCH($A10,Oct!$A$6:$A$31,0)),0)+IFERROR(INDEX(Nov!AL$6:AL$31,MATCH($A10,Nov!$A$6:$A$31,0)),0)+IFERROR(INDEX(Dec!AL$6:AL$31,MATCH($A10,Dec!$A$6:$A$31,0)),0)+IFERROR(INDEX(Jan!AL$6:AL$32,MATCH($A10,Jan!$A$6:$A$32,0)),0)+IFERROR(INDEX(Feb!AL$6:AL$28,MATCH($A10,Feb!$A$6:$A$28,0)),0)+IFERROR(INDEX(Mar!AL$6:AL$31,MATCH($A10,Mar!$A$6:$A$31,0)),0)+IFERROR(INDEX(Apr!AL$6:AL$31,MATCH($A10,Apr!$A$6:$A$31,0)),0)+IFERROR(INDEX(May!AL$6:AL$31,MATCH($A10,May!$A$6:$A$31,0)),0)+IFERROR(INDEX(Jun!AL$6:AL$31,MATCH($A10,Jun!$A$6:$A$31,0)),0)+IFERROR(INDEX(Jul!AL$6:AL$31,MATCH($A10,Jul!$A$6:$A$31,0)),0) -> 0 | L10: =IF(K10>0, 5-K10, "") | M10: =IFERROR(INDEX(Aug!AM$6:AM$31,MATCH($A10,Aug!$A$6:$A$31,0)),0)+IFERROR(INDEX(Sep!AM$6:AM$31,MATCH($A10,Sep!$A$6:$A$31,0)),0)+IFERROR(INDEX(Oct!AM$6:AM$31,MATCH($A10,Oct!$A$6:$A$31,0)),0)+IFERROR(INDEX(Nov!AM$6:AM$31,MATCH($A10,Nov!$A$6:$A$31,0)),0)+IFERROR(INDEX(Dec!AM$6:AM$31,MATCH($A10,Dec!$A$6:$A$31,0)),0)+IFERROR(INDEX(Jan!AM$6:AM$32,MATCH($A10,Jan!$A$6:$A$32,0)),0)+IFERROR(INDEX(Feb!AM$6:AM$28,MATCH($A10,Feb!$A$6:$A$28,0)),0)+IFERROR(INDEX(Mar!AM$6:AM$31,MATCH($A10,Mar!$A$6:$A$31,0)),0)+IFERROR(INDEX(Apr!AM$6:AM$31,MATCH($A10,Apr!$A$6:$A$31,0)),0)+IFERROR(INDEX(May!AM$6:AM$31,MATCH($A10,May!$A$6:$A$31,0)),0)+IFERROR(INDEX(Jun!AM$6:AM$31,MATCH($A10,Jun!$A$6:$A$31,0)),0)+IFERROR(INDEX(Jul!AM$6:AM$31,MATCH($A10,Jul!$A$6:$A$31,0)),0) -> 0 | N10: =IF(M10>0, 5-M10, "") | O10: =IFERROR(INDEX(Aug!AN$6:AN$31,MATCH($A10,Aug!$A$6:$A$31,0)),0)+IFERROR(INDEX(Sep!AN$6:AN$31,MATCH($A10,Sep!$A$6:$A$31,0)),0)+IFERROR(INDEX(Oct!AN$6:AN$31,MATCH($A10,Oct!$A$6:$A$31,0)),0)+IFERROR(INDEX(Nov!AN$6:AN$31,MATCH($A10,Nov!$A$6:$A$31,0)),0)+IFERROR(INDEX(Dec!AN$6:AN$31,MATCH($A10,Dec!$A$6:$A$31,0)),0)+IFERROR(INDEX(Jan!AN$6:AN$32,MATCH($A10,Jan!$A$6:$A$32,0)),0)+IFERROR(INDEX(Feb!AN$6:AN$28,MATCH($A10,Feb!$A$6:$A$28,0)),0)+IFERROR(INDEX(Mar!AN$6:AN$31,MATCH($A10,Mar!$A$6:$A$31,0)),0)+IFERROR(INDEX(Apr!AN$6:AN$31,MATCH($A10,Apr!$A$6:$A$31,0)),0)+IFERROR(INDEX(May!AN$6:AN$31,MATCH($A10,May!$A$6:$A$31,0)),0)+IFERROR(INDEX(Jun!AN$6:AN$31,MATCH($A10,Jun!$A$6:$A$31,0)),0)+IFERROR(INDEX(Jul!AN$6:AN$31,MATCH($A10,Jul!$A$6:$A$31,0)),0) -> 0 | P10: =IF(O10>0, 5-O10, "") | Q10: =IFERROR(INDEX(Aug!AO$6:AO$31,MATCH($A10,Aug!$A$6:$A$31,0)),0)+IFERROR(INDEX(Sep!AO$6:AO$31,MATCH($A10,Sep!$A$6:$A$31,0)),0)+IFERROR(INDEX(Oct!AO$6:AO$31,MATCH($A10,Oct!$A$6:$A$31,0)),0)+IFERROR(INDEX(Nov!AO$6:AO$31,MATCH($A10,Nov!$A$6:$A$31,0)),0)+IFERROR(INDEX(Dec!AO$6:AO$31,MATCH($A10,Dec!$A$6:$A$31,0)),0)+IFERROR(INDEX(Jan!AO$6:AO$32,MATCH($A10,Jan!$A$6:$A$32,0)),0)+IFERROR(INDEX(Feb!AO$6:AO$28,MATCH($A10,Feb!$A$6:$A$28,0)),0)+IFERROR(INDEX(Mar!AO$6:AO$31,MATCH($A10,Mar!$A$6:$A$31,0)),0)+IFERROR(INDEX(Apr!AO$6:AO$31,MATCH($A10,Apr!$A$6:$A$31,0)),0)+IFERROR(INDEX(May!AO$6:AO$31,MATCH($A10,May!$A$6:$A$31,0)),0)+IFERROR(INDEX(Jun!AO$6:AO$31,MATCH($A10,Jun!$A$6:$A$31,0)),0)+IFERROR(INDEX(Jul!AO$6:AO$31,MATCH($A10,Jul!$A$6:$A$31,0)),0) -> 0 | R10: =IF(Q10>0, 7-Q10, "") | S10: =C10+E10+G10+I10+K10+M10+O10+Q10 -> 0
A11: 2 | B11: ALIYU MUSA ABUBAKAR | C11: =IFERROR(INDEX(Aug!AH$6:AH$31,MATCH($A11,Aug!$A$6:$A$31,0)),0)+IFERROR(INDEX(Sep!AH$6:AH$31,MATCH($A11,Sep!$A$6:$A$31,0)),0)+IFERROR(INDEX(Oct!AH$6:AH$31,MATCH($A11,Oct!$A$6:$A$31,0)),0)+IFERROR(INDEX(Nov!AH$6:AH$31,MATCH($A11,Nov!$A$6:$A$31,0)),0)+IFERROR(INDEX(Dec!AH$6:AH$31,MATCH($A11,Dec!$A$6:$A$31,0)),0)+IFERROR(INDEX(Jan!AH$6:AH$32,MATCH($A11,Jan!$A$6:$A$32,0)),0)+IFERROR(INDEX(Feb!AH$6:AH$28,MATCH($A11,Feb!$A$6:$A$28,0)),0)+IFERROR(INDEX(Mar!AH$6:AH$31,MATCH($A11,Mar!$A$6:$A$31,0)),0)+IFERROR(INDEX(Apr!AH$6:AH$31,MATCH($A11,Apr!$A$6:$A$31,0)),0)+IFERROR(INDEX(May!AH$6:AH$31,MATCH($A11,May!$A$6:$A$31,0)),0)+IFERROR(INDEX(Jun!AH$6:AH$31,MATCH($A11,Jun!$A$6:$A$31,0)),0)+IFERROR(INDEX(Jul!AH$6:AH$31,MATCH($A11,Jul!$A$6:$A$31,0)),0) -> 0 | D11: =IF(C11>0, 21-C11, "") | E11: =IFERROR(INDEX(Aug!AI$6:AI$31,MATCH($A11,Aug!$A$6:$A$31,0)),0)+IFERROR(INDEX(Sep!AI$6:AI$31,MATCH($A11,Sep!$A$6:$A$31,0)),0)+IFERROR(INDEX(Oct!AI$6:AI$31,MATCH($A11,Oct!$A$6:$A$31,0)),0)+IFERROR(INDEX(Nov!AI$6:AI$31,MATCH($A11,Nov!$A$6:$A$31,0)),0)+IFERROR(INDEX(Dec!AI$6:AI$31,MATCH($A11,Dec!$A$6:$A$31,0)),0)+IFERROR(INDEX(Jan!AI$6:AI$32,MATCH($A11,Jan!$A$6:$A$32,0)),0)+IFERROR(INDEX(Feb!AI$6:AI$28,MATCH($A11,Feb!$A$6:$A$28,0)),0)+IFERROR(INDEX(Mar!AI$6:AI$31,MATCH($A11,Mar!$A$6:$A$31,0)),0)+IFERROR(INDEX(Apr!AI$6:AI$31,MATCH($A11,Apr!$A$6:$A$31,0)),0)+IFERROR(INDEX(May!AI$6:AI$31,MATCH($A11,May!$A$6:$A$31,0)),0)+IFERROR(INDEX(Jun!AI$6:AI$31,MATCH($A11,Jun!$A$6:$A$31,0)),0)+IFERROR(INDEX(Jul!AI$6:AI$31,MATCH($A11,Jul!$A$6:$A$31,0)),0) -> 0 | F11: =IF(E11>0, 15-E11, "") | G11: =IFERROR(INDEX(Aug!AJ$6:AJ$31,MATCH($A11,Aug!$A$6:$A$31,0)),0)+IFERROR(INDEX(Sep!AJ$6:AJ$31,MATCH($A11,Sep!$A$6:$A$31,0)),0)+IFERROR(INDEX(Oct!AJ$6:AJ$31,MATCH($A11,Oct!$A$6:$A$31,0)),0)+IFERROR(INDEX(Nov!AJ$6:AJ$31,MATCH($A11,Nov!$A$6:$A$31,0)),0)+IFERROR(INDEX(Dec!AJ$6:AJ$31,MATCH($A11,Dec!$A$6:$A$31,0)),0)+IFERROR(INDEX(Jan!AJ$6:AJ$32,MATCH($A11,Jan!$A$6:$A$32,0)),0)+IFERROR(INDEX(Feb!AJ$6:AJ$28,MATCH($A11,Feb!$A$6:$A$28,0)),0)+IFERROR(INDEX(Mar!AJ$6:AJ$31,MATCH($A11,Mar!$A$6:$A$31,0)),0)+IFERROR(INDEX(Apr!AJ$6:AJ$31,MATCH($A11,Apr!$A$6:$A$31,0)),0)+IFERROR(INDEX(May!AJ$6:AJ$31,MATCH($A11,May!$A$6:$A$31,0)),0)+IFERROR(INDEX(Jun!AJ$6:AJ$31,MATCH($A11,Jun!$A$6:$A$31,0)),0)+IFERROR(INDEX(Jul!AJ$6:AJ$31,MATCH($A11,Jul!$A$6:$A$31,0)),0) -> 0 | H11: =IF(G11>0, 80-G11, "") | I11: =IFERROR(INDEX(Aug!AK$6:AK$31,MATCH($A11,Aug!$A$6:$A$31,0)),0)+IFERROR(INDEX(Sep!AK$6:AK$31,MATCH($A11,Sep!$A$6:$A$31,0)),0)+IFERROR(INDEX(Oct!AK$6:AK$31,MATCH($A11,Oct!$A$6:$A$31,0)),0)+IFERROR(INDEX(Nov!AK$6:AK$31,MATCH($A11,Nov!$A$6:$A$31,0)),0)+IFERROR(INDEX(Dec!AK$6:AK$31,MATCH($A11,Dec!$A$6:$A$31,0)),0)+IFERROR(INDEX(Jan!AK$6:AK$32,MATCH($A11,Jan!$A$6:$A$32,0)),0)+IFERROR(INDEX(Feb!AK$6:AK$28,MATCH($A11,Feb!$A$6:$A$28,0)),0)+IFERROR(INDEX(Mar!AK$6:AK$31,MATCH($A11,Mar!$A$6:$A$31,0)),0)+IFERROR(INDEX(Apr!AK$6:AK$31,MATCH($A11,Apr!$A$6:$A$31,0)),0)+IFERROR(INDEX(May!AK$6:AK$31,MATCH($A11,May!$A$6:$A$31,0)),0)+IFERROR(INDEX(Jun!AK$6:AK$31,MATCH($A11,Jun!$A$6:$A$31,0)),0)+IFERROR(INDEX(Jul!AK$6:AK$31,MATCH($A11,Jul!$A$6:$A$31,0)),0) -> 0 | J11: =IF(I11>0, 5-I11, "") | K11: =IFERROR(INDEX(Aug!AL$6:AL$31,MATCH($A11,Aug!$A$6:$A$31,0)),0)+IFERROR(INDEX(Sep!AL$6:AL$31,MATCH($A11,Sep!$A$6:$A$31,0)),0)+IFERROR(INDEX(Oct!AL$6:AL$31,MATCH($A11,Oct!$A$6:$A$31,0)),0)+IFERROR(INDEX(Nov!AL$6:AL$31,MATCH($A11,Nov!$A$6:$A$31,0)),0)+IFERROR(INDEX(Dec!AL$6:AL$31,MATCH($A11,Dec!$A$6:$A$31,0)),0)+IFERROR(INDEX(Jan!AL$6:AL$32,MATCH($A11,Jan!$A$6:$A$32,0)),0)+IFERROR(INDEX(Feb!AL$6:AL$28,MATCH($A11,Feb!$A$6:$A$28,0)),0)+IFERROR(INDEX(Mar!AL$6:AL$31,MATCH($A11,Mar!$A$6:$A$31,0)),0)+IFERROR(INDEX(Apr!AL$6:AL$31,MATCH($A11,Apr!$A$6:$A$31,0)),0)+IFERROR(INDEX(May!AL$6:AL$31,MATCH($A11,May!$A$6:$A$31,0)),0)+IFERROR(INDEX(Jun!AL$6:AL$31,MATCH($A11,Jun!$A$6:$A$31,0)),0)+IFERROR(INDEX(Jul!AL$6:AL$31,MATCH($A11,Jul!$A$6:$A$31,0)),0) -> 0 | L11: =IF(K11>0, 5-K11, "") | M11: =IFERROR(INDEX(Aug!AM$6:AM$31,MATCH($A11,Aug!$A$6:$A$31,0)),0)+IFERROR(INDEX(Sep!AM$6:AM$31,MATCH($A11,Sep!$A$6:$A$31,0)),0)+IFERROR(INDEX(Oct!AM$6:AM$31,MATCH($A11,Oct!$A$6:$A$31,0)),0)+IFERROR(INDEX(Nov!AM$6:AM$31,MATCH($A11,Nov!$A$6:$A$31,0)),0)+IFERROR(INDEX(Dec!AM$6:AM$31,MATCH($A11,Dec!$A$6:$A$31,0)),0)+IFERROR(INDEX(Jan!AM$6:AM$32,MATCH($A11,Jan!$A$6:$A$32,0)),0)+IFERROR(INDEX(Feb!AM$6:AM$28,MATCH($A11,Feb!$A$6:$A$28,0)),0)+IFERROR(INDEX(Mar!AM$6:AM$31,MATCH($A11,Mar!$A$6:$A$31,0)),0)+IFERROR(INDEX(Apr!AM$6:AM$31,MATCH($A11,Apr!$A$6:$A$31,0)),0)+IFERROR(INDEX(May!AM$6:AM$31,MATCH($A11,May!$A$6:$A$31,0)),0)+IFERROR(INDEX(Jun!AM$6:AM$31,MATCH($A11,Jun!$A$6:$A$31,0)),0)+IFERROR(INDEX(Jul!AM$6:AM$31,MATCH($A11,Jul!$A$6:$A$31,0)),0) -> 0 | N11: =IF(M11>0, 5-M11, "") | O11: =IFERROR(INDEX(Aug!AN$6:AN$31,MATCH($A11,Aug!$A$6:$A$31,0)),0)+IFERROR(INDEX(Sep!AN$6:AN$31,MATCH($A11,Sep!$A$6:$A$31,0)),0)+IFERROR(INDEX(Oct!AN$6:AN$31,MATCH($A11,Oct!$A$6:$A$31,0)),0)+IFERROR(INDEX(Nov!AN$6:AN$31,MATCH($A11,Nov!$A$6:$A$31,0)),0)+IFERROR(INDEX(Dec!AN$6:AN$31,MATCH($A11,Dec!$A$6:$A$31,0)),0)+IFERROR(INDEX(Jan!AN$6:AN$32,MATCH($A11,Jan!$A$6:$A$32,0)),0)+IFERROR(INDEX(Feb!AN$6:AN$28,MATCH($A11,Feb!$A$6:$A$28,0)),0)+IFERROR(INDEX(Mar!AN$6:AN$31,MATCH($A11,Mar!$A$6:$A$31,0)),0)+IFERROR(INDEX(Apr!AN$6:AN$31,MATCH($A11,Apr!$A$6:$A$31,0)),0)+IFERROR(INDEX(May!AN$6:AN$31,MATCH($A11,May!$A$6:$A$31,0)),0)+IFERROR(INDEX(Jun!AN$6:AN$31,MATCH($A11,Jun!$A$6:$A$31,0)),0)+IFERROR(INDEX(Jul!AN$6:AN$31,MATCH($A11,Jul!$A$6:$A$31,0)),0) -> 0 | P11: =IF(O11>0, 5-O11, "") | Q11: =IFERROR(INDEX(Aug!AO$6:AO$31,MATCH($A11,Aug!$A$6:$A$31,0)),0)+IFERROR(INDEX(Sep!AO$6:AO$31,MATCH($A11,Sep!$A$6:$A$31,0)),0)+IFERROR(INDEX(Oct!AO$6:AO$31,MATCH($A11,Oct!$A$6:$A$31,0)),0)+IFERROR(INDEX(Nov!AO$6:AO$31,MATCH($A11,Nov!$A$6:$A$31,0)),0)+IFERROR(INDEX(Dec!AO$6:AO$31,MATCH($A11,Dec!$A$6:$A$31,0)),0)+IFERROR(INDEX(Jan!AO$6:AO$32,MATCH($A11,Jan!$A$6:$A$32,0)),0)+IFERROR(INDEX(Feb!AO$6:AO$28,MATCH($A11,Feb!$A$6:$A$28,0)),0)+IFERROR(INDEX(Mar!AO$6:AO$31,MATCH($A11,Mar!$A$6:$A$31,0)),0)+IFERROR(INDEX(Apr!AO$6:AO$31,MATCH($A11,Apr!$A$6:$A$31,0)),0)+IFERROR(INDEX(May!AO$6:AO$31,MATCH($A11,May!$A$6:$A$31,0)),0)+IFERROR(INDEX(Jun!AO$6:AO$31,MATCH($A11,Jun!$A$6:$A$31,0)),0)+IFERROR(INDEX(Jul!AO$6:AO$31,MATCH($A11,Jul!$A$6:$A$31,0)),0) -> 0 | R11: =IF(Q11>0, 7-Q11, "") | S11: =C11+E11+G11+I11+K11+M11+O11+Q11 -> 0 | T11: ◄ STEP 3: Edit the list of Employees
A12: 3 | B12: GOSTA ALIYU | C12: =IFERROR(INDEX(Aug!AH$6:AH$31,MATCH($A12,Aug!$A$6:$A$31,0)),0)+IFERROR(INDEX(Sep!AH$6:AH$31,MATCH($A12,Sep!$A$6:$A$31,0)),0)+IFERROR(INDEX(Oct!AH$6:AH$31,MATCH($A12,Oct!$A$6:$A$31,0)),0)+IFERROR(INDEX(Nov!AH$6:AH$31,MATCH($A12,Nov!$A$6:$A$31,0)),0)+IFERROR(INDEX(Dec!AH$6:AH$31,MATCH($A12,Dec!$A$6:$A$31,0)),0)+IFERROR(INDEX(Jan!AH$6:AH$32,MATCH($A12,Jan!$A$6:$A$32,0)),0)+IFERROR(INDEX(Feb!AH$6:AH$28,MATCH($A12,Feb!$A$6:$A$28,0)),0)+IFERROR(INDEX(Mar!AH$6:AH$31,MATCH($A12,Mar!$A$6:$A$31,0)),0)+IFERROR(INDEX(Apr!AH$6:AH$31,MATCH($A12,Apr!$A$6:$A$31,0)),0)+IFERROR(INDEX(May!AH$6:AH$31,MATCH($A12,May!$A$6:$A$31,0)),0)+IFERROR(INDEX(Jun!AH$6:AH$31,MATCH($A12,Jun!$A$6:$A$31,0)),0)+IFERROR(INDEX(Jul!AH$6:AH$31,MATCH($A12,Jul!$A$6:$A$31,0)),0) -> 0 | D12: =IF(C12>0, 21-C12, "") | E12: =IFERROR(INDEX(Aug!AI$6:AI$31,MATCH($A12,Aug!$A$6:$A$31,0)),0)+IFERROR(INDEX(Sep!AI$6:AI$31,MATCH($A12,Sep!$A$6:$A$31,0)),0)+IFERROR(INDEX(Oct!AI$6:AI$31,MATCH($A12,Oct!$A$6:$A$31,0)),0)+IFERROR(INDEX(Nov!AI$6:AI$31,MATCH($A12,Nov!$A$6:$A$31,0)),0)+IFERROR(INDEX(Dec!AI$6:AI$31,MATCH($A12,Dec!$A$6:$A$31,0)),0)+IFERROR(INDEX(Jan!AI$6:AI$32,MATCH($A12,Jan!$A$6:$A$32,0)),0)+IFERROR(INDEX(Feb!AI$6:AI$28,MATCH($A12,Feb!$A$6:$A$28,0)),0)+IFERROR(INDEX(Mar!AI$6:AI$31,MATCH($A12,Mar!$A$6:$A$31,0)),0)+IFERROR(INDEX(Apr!AI$6:AI$31,MATCH($A12,Apr!$A$6:$A$31,0)),0)+IFERROR(INDEX(May!AI$6:AI$31,MATCH($A12,May!$A$6:$A$31,0)),0)+IFERROR(INDEX(Jun!AI$6:AI$31,MATCH($A12,Jun!$A$6:$A$31,0)),0)+IFERROR(INDEX(Jul!AI$6:AI$31,MATCH($A12,Jul!$A$6:$A$31,0)),0) -> 0 | F12: =IF(E12>0, 15-E12, "") | G12: =IFERROR(INDEX(Aug!AJ$6:AJ$31,MATCH($A12,Aug!$A$6:$A$31,0)),0)+IFERROR(INDEX(Sep!AJ$6:AJ$31,MATCH($A12,Sep!$A$6:$A$31,0)),0)+IFERROR(INDEX(Oct!AJ$6:AJ$31,MATCH($A12,Oct!$A$6:$A$31,0)),0)+IFERROR(INDEX(Nov!AJ$6:AJ$31,MATCH($A12,Nov!$A$6:$A$31,0)),0)+IFERROR(INDEX(Dec!AJ$6:AJ$31,MATCH($A12,Dec!$A$6:$A$31,0)),0)+IFERROR(INDEX(Jan!AJ$6:AJ$32,MATCH($A12,Jan!$A$6:$A$32,0)),0)+IFERROR(INDEX(Feb!AJ$6:AJ$28,MATCH($A12,Feb!$A$6:$A$28,0)),0)+IFERROR(INDEX(Mar!AJ$6:AJ$31,MATCH($A12,Mar!$A$6:$A$31,0)),0)+IFERROR(INDEX(Apr!AJ$6:AJ$31,MATCH($A12,Apr!$A$6:$A$31,0)),0)+IFERROR(INDEX(May!AJ$6:AJ$31,MATCH($A12,May!$A$6:$A$31,0)),0)+IFERROR(INDEX(Jun!AJ$6:AJ$31,MATCH($A12,Jun!$A$6:$A$31,0)),0)+IFERROR(INDEX(Jul!AJ$6:AJ$31,MATCH($A12,Jul!$A$6:$A$31,0)),0) -> 0 | H12: =IF(G12>0, 80-G12, "") | I12: =IFERROR(INDEX(Aug!AK$6:AK$31,MATCH($A12,Aug!$A$6:$A$31,0)),0)+IFERROR(INDEX(Sep!AK$6:AK$31,MATCH($A12,Sep!$A$6:$A$31,0)),0)+IFERROR(INDEX(Oct!AK$6:AK$31,MATCH($A12,Oct!$A$6:$A$31,0)),0)+IFERROR(INDEX(Nov!AK$6:AK$31,MATCH($A12,Nov!$A$6:$A$31,0)),0)+IFERROR(INDEX(Dec!AK$6:AK$31,MATCH($A12,Dec!$A$6:$A$31,0)),0)+IFERROR(INDEX(Jan!AK$6:AK$32,MATCH($A12,Jan!$A$6:$A$32,0)),0)+IFERROR(INDEX(Feb!AK$6:AK$28,MATCH($A12,Feb!$A$6:$A$28,0)),0)+IFERROR(INDEX(Mar!AK$6:AK$31,MATCH($A12,Mar!$A$6:$A$31,0)),0)+IFERROR(INDEX(Apr!AK$6:AK$31,MATCH($A12,Apr!$A$6:$A$31,0)),0)+IFERROR(INDEX(May!AK$6:AK$31,MATCH($A12,May!$A$6:$A$31,0)),0)+IFERROR(INDEX(Jun!AK$6:AK$31,MATCH($A12,Jun!$A$6:$A$31,0)),0)+IFERROR(INDEX(Jul!AK$6:AK$31,MATCH($A12,Jul!$A$6:$A$31,0)),0) -> 0 | J12: =IF(I12>0, 5-I12, "") | K12: =IFERROR(INDEX(Aug!AL$6:AL$31,MATCH($A12,Aug!$A$6:$A$31,0)),0)+IFERROR(INDEX(Sep!AL$6:AL$31,MATCH($A12,Sep!$A$6:$A$31,0)),0)+IFERROR(INDEX(Oct!AL$6:AL$31,MATCH($A12,Oct!$A$6:$A$31,0)),0)+IFERROR(INDEX(Nov!AL$6:AL$31,MATCH($A12,Nov!$A$6:$A$31,0)),0)+IFERROR(INDEX(Dec!AL$6:AL$31,MATCH($A12,Dec!$A$6:$A$31,0)),0)+IFERROR(INDEX(Jan!AL$6:AL$32,MATCH($A12,Jan!$A$6:$A$32,0)),0)+IFERROR(INDEX(Feb!AL$6:AL$28,MATCH($A12,Feb!$A$6:$A$28,0)),0)+IFERROR(INDEX(Mar!AL$6:AL$31,MATCH($A12,Mar!$A$6:$A$31,0)),0)+IFERROR(INDEX(Apr!AL$6:AL$31,MATCH($A12,Apr!$A$6:$A$31,0)),0)+IFERROR(INDEX(May!AL$6:AL$31,MATCH($A12,May!$A$6:$A$31,0)),0)+IFERROR(INDEX(Jun!AL$6:AL$31,MATCH($A12,Jun!$A$6:$A$31,0)),0)+IFERROR(INDEX(Jul!AL$6:AL$31,MATCH($A12,Jul!$A$6:$A$31,0)),0) -> 0 | L12: =IF(K12>0, 5-K12, "") | M12: =IFERROR(INDEX(Aug!AM$6:AM$31,MATCH($A12,Aug!$A$6:$A$31,0)),0)+IFERROR(INDEX(Sep!AM$6:AM$31,MATCH($A12,Sep!$A$6:$A$31,0)),0)+IFERROR(INDEX(Oct!AM$6:AM$31,MATCH($A12,Oct!$A$6:$A$31,0)),0)+IFERROR(INDEX(Nov!AM$6:AM$31,MATCH($A12,Nov!$A$6:$A$31,0)),0)+IFERROR(INDEX(Dec!AM$6:AM$31,MATCH($A12,Dec!$A$6:$A$31,0)),0)+IFERROR(INDEX(Jan!AM$6:AM$32,MATCH($A12,Jan!$A$6:$A$32,0)),0)+IFERROR(INDEX(Feb!AM$6:AM$28,MATCH($A12,Feb!$A$6:$A$28,0)),0)+IFERROR(INDEX(Mar!AM$6:AM$31,MATCH($A12,Mar!$A$6:$A$31,0)),0)+IFERROR(INDEX(Apr!AM$6:AM$31,MATCH($A12,Apr!$A$6:$A$31,0)),0)+IFERROR(INDEX(May!AM$6:AM$31,MATCH($A12,May!$A$6:$A$31,0)),0)+IFERROR(INDEX(Jun!AM$6:AM$31,MATCH($A12,Jun!$A$6:$A$31,0)),0)+IFERROR(INDEX(Jul!AM$6:AM$31,MATCH($A12,Jul!$A$6:$A$31,0)),0) -> 0 | N12: =IF(M12>0, 5-M12, "") | O12: =IFERROR(INDEX(Aug!AN$6:AN$31,MATCH($A12,Aug!$A$6:$A$31,0)),0)+IFERROR(INDEX(Sep!AN$6:AN$31,MATCH($A12,Sep!$A$6:$A$31,0)),0)+IFERROR(INDEX(Oct!AN$6:AN$31,MATCH($A12,Oct!$A$6:$A$31,0)),0)+IFERROR(INDEX(Nov!AN$6:AN$31,MATCH($A12,Nov!$A$6:$A$31,0)),0)+IFERROR(INDEX(Dec!AN$6:AN$31,MATCH($A12,Dec!$A$6:$A$31,0)),0)+IFERROR(INDEX(Jan!AN$6:AN$32,MATCH($A12,Jan!$A$6:$A$32,0)),0)+IFERROR(INDEX(Feb!AN$6:AN$28,MATCH($A12,Feb!$A$6:$A$28,0)),0)+IFERROR(INDEX(Mar!AN$6:AN$31,MATCH($A12,Mar!$A$6:$A$31,0)),0)+IFERROR(INDEX(Apr!AN$6:AN$31,MATCH($A12,Apr!$A$6:$A$31,0)),0)+IFERROR(INDEX(May!AN$6:AN$31,MATCH($A12,May!$A$6:$A$31,0)),0)+IFERROR(INDEX(Jun!AN$6:AN$31,MATCH($A12,Jun!$A$6:$A$31,0)),0)+IFERROR(INDEX(Jul!AN$6:AN$31,MATCH($A12,Jul!$A$6:$A$31,0)),0) -> 0 | P12: =IF(O12>0, 5-O12, "") | Q12: =IFERROR(INDEX(Aug!AO$6:AO$31,MATCH($A12,Aug!$A$6:$A$31,0)),0)+IFERROR(INDEX(Sep!AO$6:AO$31,MATCH($A12,Sep!$A$6:$A$31,0)),0)+IFERROR(INDEX(Oct!AO$6:AO$31,MATCH($A12,Oct!$A$6:$A$31,0)),0)+IFERROR(INDEX(Nov!AO$6:AO$31,MATCH($A12,Nov!$A$6:$A$31,0)),0)+IFERROR(INDEX(Dec!AO$6:AO$31,MATCH($A12,Dec!$A$6:$A$31,0)),0)+IFERROR(INDEX(Jan!AO$6:AO$32,MATCH($A12,Jan!$A$6:$A$32,0)),0)+IFERROR(INDEX(Feb!AO$6:AO$28,MATCH($A12,Feb!$A$6:$A$28,0)),0)+IFERROR(INDEX(Mar!AO$6:AO$31,MATCH($A12,Mar!$A$6:$A$31,0)),0)+IFERROR(INDEX(Apr!AO$6:AO$31,MATCH($A12,Apr!$A$6:$A$31,0)),0)+IFERROR(INDEX(May!AO$6:AO$31,MATCH($A12,May!$A$6:$A$31,0)),0)+IFERROR(INDEX(Jun!AO$6:AO$31,MATCH($A12,Jun!$A$6:$A$31,0)),0)+IFERROR(INDEX(Jul!AO$6:AO$31,MATCH($A12,Jul!$A$6:$A$31,0)),0) -> 0 | R12: =IF(Q12>0, 7-Q12, "") | S12: =C12+E12+G12+I12+K12+M12+O12+Q12 -> 0
A13: 4 | B13: IBRAHIM TUKURA RILWAN | C13: =IFERROR(INDEX(Aug!AH$6:AH$31,MATCH($A13,Aug!$A$6:$A$31,0)),0)+IFERROR(INDEX(Sep!AH$6:AH$31,MATCH($A13,Sep!$A$6:$A$31,0)),0)+IFERROR(INDEX(Oct!AH$6:AH$31,MATCH($A13,Oct!$A$6:$A$31,0)),0)+IFERROR(INDEX(Nov!AH$6:AH$31,MATCH($A13,Nov!$A$6:$A$31,0)),0)+IFERROR(INDEX(Dec!AH$6:AH$31,MATCH($A13,Dec!$A$6:$A$31,0)),0)+IFERROR(INDEX(Jan!AH$6:AH$32,MATCH($A13,Jan!$A$6:$A$32,0)),0)+IFERROR(INDEX(Feb!AH$6:AH$28,MATCH($A13,Feb!$A$6:$A$28,0)),0)+IFERROR(INDEX(Mar!AH$6:AH$31,MATCH($A13,Mar!$A$6:$A$31,0)),0)+IFERROR(INDEX(Apr!AH$6:AH$31,MATCH($A13,Apr!$A$6:$A$31,0)),0)+IFERROR(INDEX(May!AH$6:AH$31,MATCH($A13,May!$A$6:$A$31,0)),0)+IFERROR(INDEX(Jun!AH$6:AH$31,MATCH($A13,Jun!$A$6:$A$31,0)),0)+IFERROR(INDEX(Jul!AH$6:AH$31,MATCH($A13,Jul!$A$6:$A$31,0)),0) -> 0 | D13: =IF(C13>0, 13-C13, "") | E13: =IFERROR(INDEX(Aug!AI$6:AI$31,MATCH($A13,Aug!$A$6:$A$31,0)),0)+IFERROR(INDEX(Sep!AI$6:AI$31,MATCH($A13,Sep!$A$6:$A$31,0)),0)+IFERROR(INDEX(Oct!AI$6:AI$31,MATCH($A13,Oct!$A$6:$A$31,0)),0)+IFERROR(INDEX(Nov!AI$6:AI$31,MATCH($A13,Nov!$A$6:$A$31,0)),0)+IFERROR(INDEX(Dec!AI$6:AI$31,MATCH($A13,Dec!$A$6:$A$31,0)),0)+IFERROR(INDEX(Jan!AI$6:AI$32,MATCH($A13,Jan!$A$6:$A$32,0)),0)+IFERROR(INDEX(Feb!AI$6:AI$28,MATCH($A13,Feb!$A$6:$A$28,0)),0)+IFERROR(INDEX(Mar!AI$6:AI$31,MATCH($A13,Mar!$A$6:$A$31,0)),0)+IFERROR(INDEX(Apr!AI$6:AI$31,MATCH($A13,Apr!$A$6:$A$31,0)),0)+IFERROR(INDEX(May!AI$6:AI$31,MATCH($A13,May!$A$6:$A$31,0)),0)+IFERROR(INDEX(Jun!AI$6:AI$31,MATCH($A13,Jun!$A$6:$A$31,0)),0)+IFERROR(INDEX(Jul!AI$6:AI$31,MATCH($A13,Jul!$A$6:$A$31,0)),0) -> 0 | F13: =IF(E13>0, 9-E13, "") | G13: =IFERROR(INDEX(Aug!AJ$6:AJ$31,MATCH($A13,Aug!$A$6:$A$31,0)),0)+IFERROR(INDEX(Sep!AJ$6:AJ$31,MATCH($A13,Sep!$A$6:$A$31,0)),0)+IFERROR(INDEX(Oct!AJ$6:AJ$31,MATCH($A13,Oct!$A$6:$A$31,0)),0)+IFERROR(INDEX(Nov!AJ$6:AJ$31,MATCH($A13,Nov!$A$6:$A$31,0)),0)+IFERROR(INDEX(Dec!AJ$6:AJ$31,MATCH($A13,Dec!$A$6:$A$31,0)),0)+IFERROR(INDEX(Jan!AJ$6:AJ$32,MATCH($A13,Jan!$A$6:$A$32,0)),0)+IFERROR(INDEX(Feb!AJ$6:AJ$28,MATCH($A13,Feb!$A$6:$A$28,0)),0)+IFERROR(INDEX(Mar!AJ$6:AJ$31,MATCH($A13,Mar!$A$6:$A$31,0)),0)+IFERROR(INDEX(Apr!AJ$6:AJ$31,MATCH($A13,Apr!$A$6:$A$31,0)),0)+IFERROR(INDEX(May!AJ$6:AJ$31,MATCH($A13,May!$A$6:$A$31,0)),0)+IFERROR(INDEX(Jun!AJ$6:AJ$31,MATCH($A13,Jun!$A$6:$A$31,0)),0)+IFERROR(INDEX(Jul!AJ$6:AJ$31,MATCH($A13,Jul!$A$6:$A$31,0)),0) -> 0 | H13: =IF(G13>0, 50-G13, "") | I13: =IFERROR(INDEX(Aug!AK$6:AK$31,MATCH($A13,Aug!$A$6:$A$31,0)),0)+IFERROR(INDEX(Sep!AK$6:AK$31,MATCH($A13,Sep!$A$6:$A$31,0)),0)+IFERROR(INDEX(Oct!AK$6:AK$31,MATCH($A13,Oct!$A$6:$A$31,0)),0)+IFERROR(INDEX(Nov!AK$6:AK$31,MATCH($A13,Nov!$A$6:$A$31,0)),0)+IFERROR(INDEX(Dec!AK$6:AK$31,MATCH($A13,Dec!$A$6:$A$31,0)),0)+IFERROR(INDEX(Jan!AK$6:AK$32,MATCH($A13,Jan!$A$6:$A$32,0)),0)+IFERROR(INDEX(Feb!AK$6:AK$28,MATCH($A13,Feb!$A$6:$A$28,0)),0)+IFERROR(INDEX(Mar!AK$6:AK$31,MATCH($A13,Mar!$A$6:$A$31,0)),0)+IFERROR(INDEX(Apr!AK$6:AK$31,MATCH($A13,Apr!$A$6:$A$31,0)),0)+IFERROR(INDEX(May!AK$6:AK$31,MATCH($A13,May!$A$6:$A$31,0)),0)+IFERROR(INDEX(Jun!AK$6:AK$31,MATCH($A13,Jun!$A$6:$A$31,0)),0)+IFERROR(INDEX(Jul!AK$6:AK$31,MATCH($A13,Jul!$A$6:$A$31,0)),0) -> 0 | J13: =IF(I13>0, 5-I13, "") | K13: =IFERROR(INDEX(Aug!AL$6:AL$31,MATCH($A13,Aug!$A$6:$A$31,0)),0)+IFERROR(INDEX(Sep!AL$6:AL$31,MATCH($A13,Sep!$A$6:$A$31,0)),0)+IFERROR(INDEX(Oct!AL$6:AL$31,MATCH($A13,Oct!$A$6:$A$31,0)),0)+IFERROR(INDEX(Nov!AL$6:AL$31,MATCH($A13,Nov!$A$6:$A$31,0)),0)+IFERROR(INDEX(Dec!AL$6:AL$31,MATCH($A13,Dec!$A$6:$A$31,0)),0)+IFERROR(INDEX(Jan!AL$6:AL$32,MATCH($A13,Jan!$A$6:$A$32,0)),0)+IFERROR(INDEX(Feb!AL$6:AL$28,MATCH($A13,Feb!$A$6:$A$28,0)),0)+IFERROR(INDEX(Mar!AL$6:AL$31,MATCH($A13,Mar!$A$6:$A$31,0)),0)+IFERROR(INDEX(Apr!AL$6:AL$31,MATCH($A13,Apr!$A$6:$A$31,0)),0)+IFERROR(INDEX(May!AL$6:AL$31,MATCH($A13,May!$A$6:$A$31,0)),0)+IFERROR(INDEX(Jun!AL$6:AL$31,MATCH($A13,Jun!$A$6:$A$31,0)),0)+IFERROR(INDEX(Jul!AL$6:AL$31,MATCH($A13,Jul!$A$6:$A$31,0)),0) -> 0 | L13: =IF(K13>0, 5-K13, "") | M13: =IFERROR(INDEX(Aug!AM$6:AM$31,MATCH($A13,Aug!$A$6:$A$31,0)),0)+IFERROR(INDEX(Sep!AM$6:AM$31,MATCH($A13,Sep!$A$6:$A$31,0)),0)+IFERROR(INDEX(Oct!AM$6:AM$31,MATCH($A13,Oct!$A$6:$A$31,0)),0)+IFERROR(INDEX(Nov!AM$6:AM$31,MATCH($A13,Nov!$A$6:$A$31,0)),0)+IFERROR(INDEX(Dec!AM$6:AM$31,MATCH($A13,Dec!$A$6:$A$31,0)),0)+IFERROR(INDEX(Jan!AM$6:AM$32,MATCH($A13,Jan!$A$6:$A$32,0)),0)+IFERROR(INDEX(Feb!AM$6:AM$28,MATCH($A13,Feb!$A$6:$A$28,0)),0)+IFERROR(INDEX(Mar!AM$6:AM$31,MATCH($A13,Mar!$A$6:$A$31,0)),0)+IFERROR(INDEX(Apr!AM$6:AM$31,MATCH($A13,Apr!$A$6:$A$31,0)),0)+IFERROR(INDEX(May!AM$6:AM$31,MATCH($A13,May!$A$6:$A$31,0)),0)+IFERROR(INDEX(Jun!AM$6:AM$31,MATCH($A13,Jun!$A$6:$A$31,0)),0)+IFERROR(INDEX(Jul!AM$6:AM$31,MATCH($A13,Jul!$A$6:$A$31,0)),0) -> 0 | N13: =IF(M13>0, 5-M13, "") | O13: =IFERROR(INDEX(Aug!AN$6:AN$31,MATCH($A13,Aug!$A$6:$A$31,0)),0)+IFERROR(INDEX(Sep!AN$6:AN$31,MATCH($A13,Sep!$A$6:$A$31,0)),0)+IFERROR(INDEX(Oct!AN$6:AN$31,MATCH($A13,Oct!$A$6:$A$31,0)),0)+IFERROR(INDEX(Nov!AN$6:AN$31,MATCH($A13,Nov!$A$6:$A$31,0)),0)+IFERROR(INDEX(Dec!AN$6:AN$31,MATCH($A13,Dec!$A$6:$A$31,0)),0)+IFERROR(INDEX(Jan!AN$6:AN$32,MATCH($A13,Jan!$A$6:$A$32,0)),0)+IFERROR(INDEX(Feb!AN$6:AN$28,MATCH($A13,Feb!$A$6:$A$28,0)),0)+IFERROR(INDEX(Mar!AN$6:AN$31,MATCH($A13,Mar!$A$6:$A$31,0)),0)+IFERROR(INDEX(Apr!AN$6:AN$31,MATCH($A13,Apr!$A$6:$A$31,0)),0)+IFERROR(INDEX(May!AN$6:AN$31,MATCH($A13,May!$A$6:$A$31,0)),0)+IFERROR(INDEX(Jun!AN$6:AN$31,MATCH($A13,Jun!$A$6:$A$31,0)),0)+IFERROR(INDEX(Jul!AN$6:AN$31,MATCH($A13,Jul!$A$6:$A$31,0)),0) -> 0 | P13: =IF(O13>0, 5-O13, "") | Q13: =IFERROR(INDEX(Aug!AO$6:AO$31,MATCH($A13,Aug!$A$6:$A$31,0)),0)+IFERROR(INDEX(Sep!AO$6:AO$31,MATCH($A13,Sep!$A$6:$A$31,0)),0)+IFERROR(INDEX(Oct!AO$6:AO$31,MATCH($A13,Oct!$A$6:$A$31,0)),0)+IFERROR(INDEX(Nov!AO$6:AO$31,MATCH($A13,Nov!$A$6:$A$31,0)),0)+IFERROR(INDEX(Dec!AO$6:AO$31,MATCH($A13,Dec!$A$6:$A$31,0)),0)+IFERROR(INDEX(Jan!AO$6:AO$32,MATCH($A13,Jan!$A$6:$A$32,0)),0)+IFERROR(INDEX(Feb!AO$6:AO$28,MATCH($A13,Feb!$A$6:$A$28,0)),0)+IFERROR(INDEX(Mar!AO$6:AO$31,MATCH($A13,Mar!$A$6:$A$31,0)),0)+IFERROR(INDEX(Apr!AO$6:AO$31,MATCH($A13,Apr!$A$6:$A$31,0)),0)+IFERROR(INDEX(May!AO$6:AO$31,MATCH($A13,May!$A$6:$A$31,0)),0)+IFERROR(INDEX(Jun!AO$6:AO$31,MATCH($A13,Jun!$A$6:$A$31,0)),0)+IFERROR(INDEX(Jul!AO$6:AO$31,MATCH($A13,Jul!$A$6:$A$31,0)),0) -> 0 | R13: =IF(Q13>0, 4-Q13, "") | S13: =C13+E13+G13+I13+K13+M13+O13+Q13 -> 0 | T13: STEP 4: Use Monthly worksheets to Enter Leave
A14: 5 | B14: HASSAN HABEEB | C14: =IFERROR(INDEX(Aug!AH$6:AH$31,MATCH($A14,Aug!$A$6:$A$31,0)),0)+IFERROR(INDEX(Sep!AH$6:AH$31,MATCH($A14,Sep!$A$6:$A$31,0)),0)+IFERROR(INDEX(Oct!AH$6:AH$31,MATCH($A14,Oct!$A$6:$A$31,0)),0)+IFERROR(INDEX(Nov!AH$6:AH$31,MATCH($A14,Nov!$A$6:$A$31,0)),0)+IFERROR(INDEX(Dec!AH$6:AH$31,MATCH($A14,Dec!$A$6:$A$31,0)),0)+IFERROR(INDEX(Jan!AH$6:AH$32,MATCH($A14,Jan!$A$6:$A$32,0)),0)+IFERROR(INDEX(Feb!AH$6:AH$28,MATCH($A14,Feb!$A$6:$A$28,0)),0)+IFERROR(INDEX(Mar!AH$6:AH$31,MATCH($A14,Mar!$A$6:$A$31,0)),0)+IFERROR(INDEX(Apr!AH$6:AH$31,MATCH($A14,Apr!$A$6:$A$31,0)),0)+IFERROR(INDEX(May!AH$6:AH$31,MATCH($A14,May!$A$6:$A$31,0)),0)+IFERROR(INDEX(Jun!AH$6:AH$31,MATCH($A14,Jun!$A$6:$A$31,0)),0)+IFERROR(INDEX(Jul!AH$6:AH$31,MATCH($A14,Jul!$A$6:$A$31,0)),0) -> 0 | D14: =IF(C14>0, 21-C14, "") | E14: =IFERROR(INDEX(Aug!AI$6:AI$31,MATCH($A14,Aug!$A$6:$A$31,0)),0)+IFERROR(INDEX(Sep!AI$6:AI$31,MATCH($A14,Sep!$A$6:$A$31,0)),0)+IFERROR(INDEX(Oct!AI$6:AI$31,MATCH($A14,Oct!$A$6:$A$31,0)),0)+IFERROR(INDEX(Nov!AI$6:AI$31,MATCH($A14,Nov!$A$6:$A$31,0)),0)+IFERROR(INDEX(Dec!AI$6:AI$31,MATCH($A14,Dec!$A$6:$A$31,0)),0)+IFERROR(INDEX(Jan!AI$6:AI$32,MATCH($A14,Jan!$A$6:$A$32,0)),0)+IFERROR(INDEX(Feb!AI$6:AI$28,MATCH($A14,Feb!$A$6:$A$28,0)),0)+IFERROR(INDEX(Mar!AI$6:AI$31,MATCH($A14,Mar!$A$6:$A$31,0)),0)+IFERROR(INDEX(Apr!AI$6:AI$31,MATCH($A14,Apr!$A$6:$A$31,0)),0)+IFERROR(INDEX(May!AI$6:AI$31,MATCH($A14,May!$A$6:$A$31,0)),0)+IFERROR(INDEX(Jun!AI$6:AI$31,MATCH($A14,Jun!$A$6:$A$31,0)),0)+IFERROR(INDEX(Jul!AI$6:AI$31,MATCH($A14,Jul!$A$6:$A$31,0)),0) -> 0 | F14: =IF(E14>0, 15-E14, "") | G14: =IFERROR(INDEX(Aug!AJ$6:AJ$31,MATCH($A14,Aug!$A$6:$A$31,0)),0)+IFERROR(INDEX(Sep!AJ$6:AJ$31,MATCH($A14,Sep!$A$6:$A$31,0)),0)+IFERROR(INDEX(Oct!AJ$6:AJ$31,MATCH($A14,Oct!$A$6:$A$31,0)),0)+IFERROR(INDEX(Nov!AJ$6:AJ$31,MATCH($A14,Nov!$A$6:$A$31,0)),0)+IFERROR(INDEX(Dec!AJ$6:AJ$31,MATCH($A14,Dec!$A$6:$A$31,0)),0)+IFERROR(INDEX(Jan!AJ$6:AJ$32,MATCH($A14,Jan!$A$6:$A$32,0)),0)+IFERROR(INDEX(Feb!AJ$6:AJ$28,MATCH($A14,Feb!$A$6:$A$28,0)),0)+IFERROR(INDEX(Mar!AJ$6:AJ$31,MATCH($A14,Mar!$A$6:$A$31,0)),0)+IFERROR(INDEX(Apr!AJ$6:AJ$31,MATCH($A14,Apr!$A$6:$A$31,0)),0)+IFERROR(INDEX(May!AJ$6:AJ$31,MATCH($A14,May!$A$6:$A$31,0)),0)+IFERROR(INDEX(Jun!AJ$6:AJ$31,MATCH($A14,Jun!$A$6:$A$31,0)),0)+IFERROR(INDEX(Jul!AJ$6:AJ$31,MATCH($A14,Jul!$A$6:$A$31,0)),0) -> 0 | H14: =IF(G14>0, 80-G14, "") | I14: =IFERROR(INDEX(Aug!AK$6:AK$31,MATCH($A14,Aug!$A$6:$A$31,0)),0)+IFERROR(INDEX(Sep!AK$6:AK$31,MATCH($A14,Sep!$A$6:$A$31,0)),0)+IFERROR(INDEX(Oct!AK$6:AK$31,MATCH($A14,Oct!$A$6:$A$31,0)),0)+IFERROR(INDEX(Nov!AK$6:AK$31,MATCH($A14,Nov!$A$6:$A$31,0)),0)+IFERROR(INDEX(Dec!AK$6:AK$31,MATCH($A14,Dec!$A$6:$A$31,0)),0)+IFERROR(INDEX(Jan!AK$6:AK$32,MATCH($A14,Jan!$A$6:$A$32,0)),0)+IFERROR(INDEX(Feb!AK$6:AK$28,MATCH($A14,Feb!$A$6:$A$28,0)),0)+IFERROR(INDEX(Mar!AK$6:AK$31,MATCH($A14,Mar!$A$6:$A$31,0)),0)+IFERROR(INDEX(Apr!AK$6:AK$31,MATCH($A14,Apr!$A$6:$A$31,0)),0)+IFERROR(INDEX(May!AK$6:AK$31,MATCH($A14,May!$A$6:$A$31,0)),0)+IFERROR(INDEX(Jun!AK$6:AK$31,MATCH($A14,Jun!$A$6:$A$31,0)),0)+IFERROR(INDEX(Jul!AK$6:AK$31,MATCH($A14,Jul!$A$6:$A$31,0)),0) -> 0 | J14: =IF(I14>0, 5-I14, "") | K14: =IFERROR(INDEX(Aug!AL$6:AL$31,MATCH($A14,Aug!$A$6:$A$31,0)),0)+IFERROR(INDEX(Sep!AL$6:AL$31,MATCH($A14,Sep!$A$6:$A$31,0)),0)+IFERROR(INDEX(Oct!AL$6:AL$31,MATCH($A14,Oct!$A$6:$A$31,0)),0)+IFERROR(INDEX(Nov!AL$6:AL$31,MATCH($A14,Nov!$A$6:$A$31,0)),0)+IFERROR(INDEX(Dec!AL$6:AL$31,MATCH($A14,Dec!$A$6:$A$31,0)),0)+IFERROR(INDEX(Jan!AL$6:AL$32,MATCH($A14,Jan!$A$6:$A$32,0)),0)+IFERROR(INDEX(Feb!AL$6:AL$28,MATCH($A14,Feb!$A$6:$A$28,0)),0)+IFERROR(INDEX(Mar!AL$6:AL$31,MATCH($A14,Mar!$A$6:$A$31,0)),0)+IFERROR(INDEX(Apr!AL$6:AL$31,MATCH($A14,Apr!$A$6:$A$31,0)),0)+IFERROR(INDEX(May!AL$6:AL$31,MATCH($A14,May!$A$6:$A$31,0)),0)+IFERROR(INDEX(Jun!AL$6:AL$31,MATCH($A14,Jun!$A$6:$A$31,0)),0)+IFERROR(INDEX(Jul!AL$6:AL$31,MATCH($A14,Jul!$A$6:$A$31,0)),0) -> 0 | L14: =IF(K14>0, 5-K14, "") | M14: =IFERROR(INDEX(Aug!AM$6:AM$31,MATCH($A14,Aug!$A$6:$A$31,0)),0)+IFERROR(INDEX(Sep!AM$6:AM$31,MATCH($A14,Sep!$A$6:$A$31,0)),0)+IFERROR(INDEX(Oct!AM$6:AM$31,MATCH($A14,Oct!$A$6:$A$31,0)),0)+IFERROR(INDEX(Nov!AM$6:AM$31,MATCH($A14,Nov!$A$6:$A$31,0)),0)+IFERROR(INDEX(Dec!AM$6:AM$31,MATCH($A14,Dec!$A$6:$A$31,0)),0)+IFERROR(INDEX(Jan!AM$6:AM$32,MATCH($A14,Jan!$A$6:$A$32,0)),0)+IFERROR(INDEX(Feb!AM$6:AM$28,MATCH($A14,Feb!$A$6:$A$28,0)),0)+IFERROR(INDEX(Mar!AM$6:AM$31,MATCH($A14,Mar!$A$6:$A$31,0)),0)+IFERROR(INDEX(Apr!AM$6:AM$31,MATCH($A14,Apr!$A$6:$A$31,0)),0)+IFERROR(INDEX(May!AM$6:AM$31,MATCH($A14,May!$A$6:$A$31,0)),0)+IFERROR(INDEX(Jun!AM$6:AM$31,MATCH($A14,Jun!$A$6:$A$31,0)),0)+IFERROR(INDEX(Jul!AM$6:AM$31,MATCH($A14,Jul!$A$6:$A$31,0)),0) -> 0 | N14: =IF(M14>0, 5-M14, "") | O14: =IFERROR(INDEX(Aug!AN$6:AN$31,MATCH($A14,Aug!$A$6:$A$31,0)),0)+IFERROR(INDEX(Sep!AN$6:AN$31,MATCH($A14,Sep!$A$6:$A$31,0)),0)+IFERROR(INDEX(Oct!AN$6:AN$31,MATCH($A14,Oct!$A$6:$A$31,0)),0)+IFERROR(INDEX(Nov!AN$6:AN$31,MATCH($A14,Nov!$A$6:$A$31,0)),0)+IFERROR(INDEX(Dec!AN$6:AN$31,MATCH($A14,Dec!$A$6:$A$31,0)),0)+IFERROR(INDEX(Jan!AN$6:AN$32,MATCH($A14,Jan!$A$6:$A$32,0)),0)+IFERROR(INDEX(Feb!AN$6:AN$28,MATCH($A14,Feb!$A$6:$A$28,0)),0)+IFERROR(INDEX(Mar!AN$6:AN$31,MATCH($A14,Mar!$A$6:$A$31,0)),0)+IFERROR(INDEX(Apr!AN$6:AN$31,MATCH($A14,Apr!$A$6:$A$31,0)),0)+IFERROR(INDEX(May!AN$6:AN$31,MATCH($A14,May!$A$6:$A$31,0)),0)+IFERROR(INDEX(Jun!AN$6:AN$31,MATCH($A14,Jun!$A$6:$A$31,0)),0)+IFERROR(INDEX(Jul!AN$6:AN$31,MATCH($A14,Jul!$A$6:$A$31,0)),0) -> 0 | P14: =IF(O14>0, 5-O14, "") | Q14: =IFERROR(INDEX(Aug!AO$6:AO$31,MATCH($A14,Aug!$A$6:$A$31,0)),0)+IFERROR(INDEX(Sep!AO$6:AO$31,MATCH($A14,Sep!$A$6:$A$31,0)),0)+IFERROR(INDEX(Oct!AO$6:AO$31,MATCH($A14,Oct!$A$6:$A$31,0)),0)+IFERROR(INDEX(Nov!AO$6:AO$31,MATCH($A14,Nov!$A$6:$A$31,0)),0)+IFERROR(INDEX(Dec!AO$6:AO$31,MATCH($A14,Dec!$A$6:$A$31,0)),0)+IFERROR(INDEX(Jan!AO$6:AO$32,MATCH($A14,Jan!$A$6:$A$32,0)),0)+IFERROR(INDEX(Feb!AO$6:AO$28,MATCH($A14,Feb!$A$6:$A$28,0)),0)+IFERROR(INDEX(Mar!AO$6:AO$31,MATCH($A14,Mar!$A$6:$A$31,0)),0)+IFERROR(INDEX(Apr!AO$6:AO$31,MATCH($A14,Apr!$A$6:$A$31,0)),0)+IFERROR(INDEX(May!AO$6:AO$31,MATCH($A14,May!$A$6:$A$31,0)),0)+IFERROR(INDEX(Jun!AO$6:AO$31,MATCH($A14,Jun!$A$6:$A$31,0)),0)+IFERROR(INDEX(Jul!AO$6:AO$31,MATCH($A14,Jul!$A$6:$A$31,0)),0) -> 0 | R14: =IF(Q14>0, 7-Q14, "") | S14: =C14+E14+G14+I14+K14+M14+O14+Q14 -> 0
A15: 6 | B15: SHEHU NABILA | C15: =IFERROR(INDEX(Aug!AH$6:AH$31,MATCH($A15,Aug!$A$6:$A$31,0)),0)+IFERROR(INDEX(Sep!AH$6:AH$31,MATCH($A15,Sep!$A$6:$A$31,0)),0)+IFERROR(INDEX(Oct!AH$6:AH$31,MATCH($A15,Oct!$A$6:$A$31,0)),0)+IFERROR(INDEX(Nov!AH$6:AH$31,MATCH($A15,Nov!$A$6:$A$31,0)),0)+IFERROR(INDEX(Dec!AH$6:AH$31,MATCH($A15,Dec!$A$6:$A$31,0)),0)+IFERROR(INDEX(Jan!AH$6:AH$32,MATCH($A15,Jan!$A$6:$A$32,0)),0)+IFERROR(INDEX(Feb!AH$6:AH$28,MATCH($A15,Feb!$A$6:$A$28,0)),0)+IFERROR(INDEX(Mar!AH$6:AH$31,MATCH($A15,Mar!$A$6:$A$31,0)),0)+IFERROR(INDEX(Apr!AH$6:AH$31,MATCH($A15,Apr!$A$6:$A$31,0)),0)+IFERROR(INDEX(May!AH$6:AH$31,MATCH($A15,May!$A$6:$A$31,0)),0)+IFERROR(INDEX(Jun!AH$6:AH$31,MATCH($A15,Jun!$A$6:$A$31,0)),0)+IFERROR(INDEX(Jul!AH$6:AH$31,MATCH($A15,Jul!$A$6:$A$31,0)),0) -> 0 | D15: =IF(C15>0, 21-C15, "") | E15: =IFERROR(INDEX(Aug!AI$6:AI$31,MATCH($A15,Aug!$A$6:$A$31,0)),0)+IFERROR(INDEX(Sep!AI$6:AI$31,MATCH($A15,Sep!$A$6:$A$31,0)),0)+IFERROR(INDEX(Oct!AI$6:AI$31,MATCH($A15,Oct!$A$6:$A$31,0)),0)+IFERROR(INDEX(Nov!AI$6:AI$31,MATCH($A15,Nov!$A$6:$A$31,0)),0)+IFERROR(INDEX(Dec!AI$6:AI$31,MATCH($A15,Dec!$A$6:$A$31,0)),0)+IFERROR(INDEX(Jan!AI$6:AI$32,MATCH($A15,Jan!$A$6:$A$32,0)),0)+IFERROR(INDEX(Feb!AI$6:AI$28,MATCH($A15,Feb!$A$6:$A$28,0)),0)+IFERROR(INDEX(Mar!AI$6:AI$31,MATCH($A15,Mar!$A$6:$A$31,0)),0)+IFERROR(INDEX(Apr!AI$6:AI$31,MATCH($A15,Apr!$A$6:$A$31,0)),0)+IFERROR(INDEX(May!AI$6:AI$31,MATCH($A15,May!$A$6:$A$31,0)),0)+IFERROR(INDEX(Jun!AI$6:AI$31,MATCH($A15,Jun!$A$6:$A$31,0)),0)+IFERROR(INDEX(Jul!AI$6:AI$31,MATCH($A15,Jul!$A$6:$A$31,0)),0) -> 2 | F15: =IF(E15>0, 15-E15, "") -> 13 | G15: =IFERROR(INDEX(Aug!AJ$6:AJ$31,MATCH($A15,Aug!$A$6:$A$31,0)),0)+IFERROR(INDEX(Sep!AJ$6:AJ$31,MATCH($A15,Sep!$A$6:$A$31,0)),0)+IFERROR(INDEX(Oct!AJ$6:AJ$31,MATCH($A15,Oct!$A$6:$A$31,0)),0)+IFERROR(INDEX(Nov!AJ$6:AJ$31,MATCH($A15,Nov!$A$6:$A$31,0)),0)+IFERROR(INDEX(Dec!AJ$6:AJ$31,MATCH($A15,Dec!$A$6:$A$31,0)),0)+IFERROR(INDEX(Jan!AJ$6:AJ$32,MATCH($A15,Jan!$A$6:$A$32,0)),0)+IFERROR(INDEX(Feb!AJ$6:AJ$28,MATCH($A15,Feb!$A$6:$A$28,0)),0)+IFERROR(INDEX(Mar!AJ$6:AJ$31,MATCH($A15,Mar!$A$6:$A$31,0)),0)+IFERROR(INDEX(Apr!AJ$6:AJ$31,MATCH($A15,Apr!$A$6:$A$31,0)),0)+IFERROR(INDEX(May!AJ$6:AJ$31,MATCH($A15,May!$A$6:$A$31,0)),0)+IFERROR(INDEX(Jun!AJ$6:AJ$31,MATCH($A15,Jun!$A$6:$A$31,0)),0)+IFERROR(INDEX(Jul!AJ$6:AJ$31,MATCH($A15,Jul!$A$6:$A$31,0)),0) -> 0 | H15: =IF(G15>0, 80-G15, "") | I15: =IFERROR(INDEX(Aug!AK$6:AK$31,MATCH($A15,Aug!$A$6:$A$31,0)),0)+IFERROR(INDEX(Sep!AK$6:AK$31,MATCH($A15,Sep!$A$6:$A$31,0)),0)+IFERROR(INDEX(Oct!AK$6:AK$31,MATCH($A15,Oct!$A$6:$A$31,0)),0)+IFERROR(INDEX(Nov!AK$6:AK$31,MATCH($A15,Nov!$A$6:$A$31,0)),0)+IFERROR(INDEX(Dec!AK$6:AK$31,MATCH($A15,Dec!$A$6:$A$31,0)),0)+IFERROR(INDEX(Jan!AK$6:AK$32,MATCH($A15,Jan!$A$6:$A$32,0)),0)+IFERROR(INDEX(Feb!AK$6:AK$28,MATCH($A15,Feb!$A$6:$A$28,0)),0)+IFERROR(INDEX(Mar!AK$6:AK$31,MATCH($A15,Mar!$A$6:$A$31,0)),0)+IFERROR(INDEX(Apr!AK$6:AK$31,MATCH($A15,Apr!$A$6:$A$31,0)),0)+IFERROR(INDEX(May!AK$6:AK$31,MATCH($A15,May!$A$6:$A$31,0)),0)+IFERROR(INDEX(Jun!AK$6:AK$31,MATCH($A15,Jun!$A$6:$A$31,0)),0)+IFERROR(INDEX(Jul!AK$6:AK$31,MATCH($A15,Jul!$A$6:$A$31,0)),0) -> 0 | J15: =IF(I15>0, 5-I15, "") | K15: =IFERROR(INDEX(Aug!AL$6:AL$31,MATCH($A15,Aug!$A$6:$A$31,0)),0)+IFERROR(INDEX(Sep!AL$6:AL$31,MATCH($A15,Sep!$A$6:$A$31,0)),0)+IFERROR(INDEX(Oct!AL$6:AL$31,MATCH($A15,Oct!$A$6:$A$31,0)),0)+IFERROR(INDEX(Nov!AL$6:AL$31,MATCH($A15,Nov!$A$6:$A$31,0)),0)+IFERROR(INDEX(Dec!AL$6:AL$31,MATCH($A15,Dec!$A$6:$A$31,0)),0)+IFERROR(INDEX(Jan!AL$6:AL$32,MATCH($A15,Jan!$A$6:$A$32,0)),0)+IFERROR(INDEX(Feb!AL$6:AL$28,MATCH($A15,Feb!$A$6:$A$28,0)),0)+IFERROR(INDEX(Mar!AL$6:AL$31,MATCH($A15,Mar!$A$6:$A$31,0)),0)+IFERROR(INDEX(Apr!AL$6:AL$31,MATCH($A15,Apr!$A$6:$A$31,0)),0)+IFERROR(INDEX(May!AL$6:AL$31,MATCH($A15,May!$A$6:$A$31,0)),0)+IFERROR(INDEX(Jun!AL$6:AL$31,MATCH($A15,Jun!$A$6:$A$31,0)),0)+IFERROR(INDEX(Jul!AL$6:AL$31,MATCH($A15,Jul!$A$6:$A$31,0)),0) -> 0 | L15: =IF(K15>0, 5-K15, "") | M15: =IFERROR(INDEX(Aug!AM$6:AM$31,MATCH($A15,Aug!$A$6:$A$31,0)),0)+IFERROR(INDEX(Sep!AM$6:AM$31,MATCH($A15,Sep!$A$6:$A$31,0)),0)+IFERROR(INDEX(Oct!AM$6:AM$31,MATCH($A15,Oct!$A$6:$A$31,0)),0)+IFERROR(INDEX(Nov!AM$6:AM$31,MATCH($A15,Nov!$A$6:$A$31,0)),0)+IFERROR(INDEX(Dec!AM$6:AM$31,MATCH($A15,Dec!$A$6:$A$31,0)),0)+IFERROR(INDEX(Jan!AM$6:AM$32,MATCH($A15,Jan!$A$6:$A$32,0)),0)+IFERROR(INDEX(Feb!AM$6:AM$28,MATCH($A15,Feb!$A$6:$A$28,0)),0)+IFERROR(INDEX(Mar!AM$6:AM$31,MATCH($A15,Mar!$A$6:$A$31,0)),0)+IFERROR(INDEX(Apr!AM$6:AM$31,MATCH($A15,Apr!$A$6:$A$31,0)),0)+IFERROR(INDEX(May!AM$6:AM$31,MATCH($A15,May!$A$6:$A$31,0)),0)+IFERROR(INDEX(Jun!AM$6:AM$31,MATCH($A15,Jun!$A$6:$A$31,0)),0)+IFERROR(INDEX(Jul!AM$6:AM$31,MATCH($A15,Jul!$A$6:$A$31,0)),0) -> 0 | N15: =IF(M15>0, 5-M15, "") | O15: =IFERROR(INDEX(Aug!AN$6:AN$31,MATCH($A15,Aug!$A$6:$A$31,0)),0)+IFERROR(INDEX(Sep!AN$6:AN$31,MATCH($A15,Sep!$A$6:$A$31,0)),0)+IFERROR(INDEX(Oct!AN$6:AN$31,MATCH($A15,Oct!$A$6:$A$31,0)),0)+IFERROR(INDEX(Nov!AN$6:AN$31,MATCH($A15,Nov!$A$6:$A$31,0)),0)+IFERROR(INDEX(Dec!AN$6:AN$31,MATCH($A15,Dec!$A$6:$A$31,0)),0)+IFERROR(INDEX(Jan!AN$6:AN$32,MATCH($A15,Jan!$A$6:$A$32,0)),0)+IFERROR(INDEX(Feb!AN$6:AN$28,MATCH($A15,Feb!$A$6:$A$28,0)),0)+IFERROR(INDEX(Mar!AN$6:AN$31,MATCH($A15,Mar!$A$6:$A$31,0)),0)+IFERROR(INDEX(Apr!AN$6:AN$31,MATCH($A15,Apr!$A$6:$A$31,0)),0)+IFERROR(INDEX(May!AN$6:AN$31,MATCH($A15,May!$A$6:$A$31,0)),0)+IFERROR(INDEX(Jun!AN$6:AN$31,MATCH($A15,Jun!$A$6:$A$31,0)),0)+IFERROR(INDEX(Jul!AN$6:AN$31,MATCH($A15,Jul!$A$6:$A$31,0)),0) -> 0 | P15: =IF(O15>0, 5-O15, "") | Q15: =IFERROR(INDEX(Aug!AO$6:AO$31,MATCH($A15,Aug!$A$6:$A$31,0)),0)+IFERROR(INDEX(Sep!AO$6:AO$31,MATCH($A15,Sep!$A$6:$A$31,0)),0)+IFERROR(INDEX(Oct!AO$6:AO$31,MATCH($A15,Oct!$A$6:$A$31,0)),0)+IFERROR(INDEX(Nov!AO$6:AO$31,MATCH($A15,Nov!$A$6:$A$31,0)),0)+IFERROR(INDEX(Dec!AO$6:AO$31,MATCH($A15,Dec!$A$6:$A$31,0)),0)+IFERROR(INDEX(Jan!AO$6:AO$32,MATCH($A15,Jan!$A$6:$A$32,0)),0)+IFERROR(INDEX(Feb!AO$6:AO$28,MATCH($A15,Feb!$A$6:$A$28,0)),0)+IFERROR(INDEX(Mar!AO$6:AO$31,MATCH($A15,Mar!$A$6:$A$31,0)),0)+IFERROR(INDEX(Apr!AO$6:AO$31,MATCH($A15,Apr!$A$6:$A$31,0)),0)+IFERROR(INDEX(May!AO$6:AO$31,MATCH($A15,May!$A$6:$A$31,0)),0)+IFERROR(INDEX(Jun!AO$6:AO$31,MATCH($A15,Jun!$A$6:$A$31,0)),0)+IFERROR(INDEX(Jul!AO$6:AO$31,MATCH($A15,Jul!$A$6:$A$31,0)),0) -> 0 | R15: =IF(Q15>0, 7-Q15, "") | S15: =C15+E15+G15+I15+K15+M15+O15+Q15 -> 2
A16: 7 | B16: SULEMAN IBRAHIM | C16: =IFERROR(INDEX(Aug!AH$6:AH$31,MATCH($A16,Aug!$A$6:$A$31,0)),0)+IFERROR(INDEX(Sep!AH$6:AH$31,MATCH($A16,Sep!$A$6:$A$31,0)),0)+IFERROR(INDEX(Oct!AH$6:AH$31,MATCH($A16,Oct!$A$6:$A$31,0)),0)+IFERROR(INDEX(Nov!AH$6:AH$31,MATCH($A16,Nov!$A$6:$A$31,0)),0)+IFERROR(INDEX(Dec!AH$6:AH$31,MATCH($A16,Dec!$A$6:$A$31,0)),0)+IFERROR(INDEX(Jan!AH$6:AH$32,MATCH($A16,Jan!$A$6:$A$32,0)),0)+IFERROR(INDEX(Feb!AH$6:AH$28,MATCH($A16,Feb!$A$6:$A$28,0)),0)+IFERROR(INDEX(Mar!AH$6:AH$31,MATCH($A16,Mar!$A$6:$A$31,0)),0)+IFERROR(INDEX(Apr!AH$6:AH$31,MATCH($A16,Apr!$A$6:$A$31,0)),0)+IFERROR(INDEX(May!AH$6:AH$31,MATCH($A16,May!$A$6:$A$31,0)),0)+IFERROR(INDEX(Jun!AH$6:AH$31,MATCH($A16,Jun!$A$6:$A$31,0)),0)+IFERROR(INDEX(Jul!AH$6:AH$31,MATCH($A16,Jul!$A$6:$A$31,0)),0) -> 0 | D16: =IF(C16>0, 21-C16, "") | E16: =IFERROR(INDEX(Aug!AI$6:AI$31,MATCH($A16,Aug!$A$6:$A$31,0)),0)+IFERROR(INDEX(Sep!AI$6:AI$31,MATCH($A16,Sep!$A$6:$A$31,0)),0)+IFERROR(INDEX(Oct!AI$6:AI$31,MATCH($A16,Oct!$A$6:$A$31,0)),0)+IFERROR(INDEX(Nov!AI$6:AI$31,MATCH($A16,Nov!$A$6:$A$31,0)),0)+IFERROR(INDEX(Dec!AI$6:AI$31,MATCH($A16,Dec!$A$6:$A$31,0)),0)+IFERROR(INDEX(Jan!AI$6:AI$32,MATCH($A16,Jan!$A$6:$A$32,0)),0)+IFERROR(INDEX(Feb!AI$6:AI$28,MATCH($A16,Feb!$A$6:$A$28,0)),0)+IFERROR(INDEX(Mar!AI$6:AI$31,MATCH($A16,Mar!$A$6:$A$31,0)),0)+IFERROR(INDEX(Apr!AI$6:AI$31,MATCH($A16,Apr!$A$6:$A$31,0)),0)+IFERROR(INDEX(May!AI$6:AI$31,MATCH($A16,May!$A$6:$A$31,0)),0)+IFERROR(INDEX(Jun!AI$6:AI$31,MATCH($A16,Jun!$A$6:$A$31,0)),0)+IFERROR(INDEX(Jul!AI$6:AI$31,MATCH($A16,Jul!$A$6:$A$31,0)),0) -> 0 | F16: =IF(E16>0, 15-E16, "") | G16: =IFERROR(INDEX(Aug!AJ$6:AJ$31,MATCH($A16,Aug!$A$6:$A$31,0)),0)+IFERROR(INDEX(Sep!AJ$6:AJ$31,MATCH($A16,Sep!$A$6:$A$31,0)),0)+IFERROR(INDEX(Oct!AJ$6:AJ$31,MATCH($A16,Oct!$A$6:$A$31,0)),0)+IFERROR(INDEX(Nov!AJ$6:AJ$31,MATCH($A16,Nov!$A$6:$A$31,0)),0)+IFERROR(INDEX(Dec!AJ$6:AJ$31,MATCH($A16,Dec!$A$6:$A$31,0)),0)+IFERROR(INDEX(Jan!AJ$6:AJ$32,MATCH($A16,Jan!$A$6:$A$32,0)),0)+IFERROR(INDEX(Feb!AJ$6:AJ$28,MATCH($A16,Feb!$A$6:$A$28,0)),0)+IFERROR(INDEX(Mar!AJ$6:AJ$31,MATCH($A16,Mar!$A$6:$A$31,0)),0)+IFERROR(INDEX(Apr!AJ$6:AJ$31,MATCH($A16,Apr!$A$6:$A$31,0)),0)+IFERROR(INDEX(May!AJ$6:AJ$31,MATCH($A16,May!$A$6:$A$31,0)),0)+IFERROR(INDEX(Jun!AJ$6:AJ$31,MATCH($A16,Jun!$A$6:$A$31,0)),0)+IFERROR(INDEX(Jul!AJ$6:AJ$31,MATCH($A16,Jul!$A$6:$A$31,0)),0) -> 0 | H16: =IF(G16>0, 80-G16, "") | I16: =IFERROR(INDEX(Aug!AK$6:AK$31,MATCH($A16,Aug!$A$6:$A$31,0)),0)+IFERROR(INDEX(Sep!AK$6:AK$31,MATCH($A16,Sep!$A$6:$A$31,0)),0)+IFERROR(INDEX(Oct!AK$6:AK$31,MATCH($A16,Oct!$A$6:$A$31,0)),0)+IFERROR(INDEX(Nov!AK$6:AK$31,MATCH($A16,Nov!$A$6:$A$31,0)),0)+IFERROR(INDEX(Dec!AK$6:AK$31,MATCH($A16,Dec!$A$6:$A$31,0)),0)+IFERROR(INDEX(Jan!AK$6:AK$32,MATCH($A16,Jan!$A$6:$A$32,0)),0)+IFERROR(INDEX(Feb!AK$6:AK$28,MATCH($A16,Feb!$A$6:$A$28,0)),0)+IFERROR(INDEX(Mar!AK$6:AK$31,MATCH($A16,Mar!$A$6:$A$31,0)),0)+IFERROR(INDEX(Apr!AK$6:AK$31,MATCH($A16,Apr!$A$6:$A$31,0)),0)+IFERROR(INDEX(May!AK$6:AK$31,MATCH($A16,May!$A$6:$A$31,0)),0)+IFERROR(INDEX(Jun!AK$6:AK$31,MATCH($A16,Jun!$A$6:$A$31,0)),0)+IFERROR(INDEX(Jul!AK$6:AK$31,MATCH($A16,Jul!$A$6:$A$31,0)),0) -> 0 | J16: =IF(I16>0, 5-I16, "") | K16: =IFERROR(INDEX(Aug!AL$6:AL$31,MATCH($A16,Aug!$A$6:$A$31,0)),0)+IFERROR(INDEX(Sep!AL$6:AL$31,MATCH($A16,Sep!$A$6:$A$31,0)),0)+IFERROR(INDEX(Oct!AL$6:AL$31,MATCH($A16,Oct!$A$6:$A$31,0)),0)+IFERROR(INDEX(Nov!AL$6:AL$31,MATCH($A16,Nov!$A$6:$A$31,0)),0)+IFERROR(INDEX(Dec!AL$6:AL$31,MATCH($A16,Dec!$A$6:$A$31,0)),0)+IFERROR(INDEX(Jan!AL$6:AL$32,MATCH($A16,Jan!$A$6:$A$32,0)),0)+IFERROR(INDEX(Feb!AL$6:AL$28,MATCH($A16,Feb!$A$6:$A$28,0)),0)+IFERROR(INDEX(Mar!AL$6:AL$31,MATCH($A16,Mar!$A$6:$A$31,0)),0)+IFERROR(INDEX(Apr!AL$6:AL$31,MATCH($A16,Apr!$A$6:$A$31,0)),0)+IFERROR(INDEX(May!AL$6:AL$31,MATCH($A16,May!$A$6:$A$31,0)),0)+IFERROR(INDEX(Jun!AL$6:AL$31,MATCH($A16,Jun!$A$6:$A$31,0)),0)+IFERROR(INDEX(Jul!AL$6:AL$31,MATCH($A16,Jul!$A$6:$A$31,0)),0) -> 0 | L16: =IF(K16>0, 5-K16, "") | M16: =IFERROR(INDEX(Aug!AM$6:AM$31,MATCH($A16,Aug!$A$6:$A$31,0)),0)+IFERROR(INDEX(Sep!AM$6:AM$31,MATCH($A16,Sep!$A$6:$A$31,0)),0)+IFERROR(INDEX(Oct!AM$6:AM$31,MATCH($A16,Oct!$A$6:$A$31,0)),0)+IFERROR(INDEX(Nov!AM$6:AM$31,MATCH($A16,Nov!$A$6:$A$31,0)),0)+IFERROR(INDEX(Dec!AM$6:AM$31,MATCH($A16,Dec!$A$6:$A$31,0)),0)+IFERROR(INDEX(Jan!AM$6:AM$32,MATCH($A16,Jan!$A$6:$A$32,0)),0)+IFERROR(INDEX(Feb!AM$6:AM$28,MATCH($A16,Feb!$A$6:$A$28,0)),0)+IFERROR(INDEX(Mar!AM$6:AM$31,MATCH($A16,Mar!$A$6:$A$31,0)),0)+IFERROR(INDEX(Apr!AM$6:AM$31,MATCH($A16,Apr!$A$6:$A$31,0)),0)+IFERROR(INDEX(May!AM$6:AM$31,MATCH($A16,May!$A$6:$A$31,0)),0)+IFERROR(INDEX(Jun!AM$6:AM$31,MATCH($A16,Jun!$A$6:$A$31,0)),0)+IFERROR(INDEX(Jul!AM$6:AM$31,MATCH($A16,Jul!$A$6:$A$31,0)),0) -> 4 | N16: =IF(M16>0, 5-M16, "") -> 1 | O16: =IFERROR(INDEX(Aug!AN$6:AN$31,MATCH($A16,Aug!$A$6:$A$31,0)),0)+IFERROR(INDEX(Sep!AN$6:AN$31,MATCH($A16,Sep!$A$6:$A$31,0)),0)+IFERROR(INDEX(Oct!AN$6:AN$31,MATCH($A16,Oct!$A$6:$A$31,0)),0)+IFERROR(INDEX(Nov!AN$6:AN$31,MATCH($A16,Nov!$A$6:$A$31,0)),0)+IFERROR(INDEX(Dec!AN$6:AN$31,MATCH($A16,Dec!$A$6:$A$31,0)),0)+IFERROR(INDEX(Jan!AN$6:AN$32,MATCH($A16,Jan!$A$6:$A$32,0)),0)+IFERROR(INDEX(Feb!AN$6:AN$28,MATCH($A16,Feb!$A$6:$A$28,0)),0)+IFERROR(INDEX(Mar!AN$6:AN$31,MATCH($A16,Mar!$A$6:$A$31,0)),0)+IFERROR(INDEX(Apr!AN$6:AN$31,MATCH($A16,Apr!$A$6:$A$31,0)),0)+IFERROR(INDEX(May!AN$6:AN$31,MATCH($A16,May!$A$6:$A$31,0)),0)+IFERROR(INDEX(Jun!AN$6:AN$31,MATCH($A16,Jun!$A$6:$A$31,0)),0)+IFERROR(INDEX(Jul!AN$6:AN$31,MATCH($A16,Jul!$A$6:$A$31,0)),0) -> 0 | P16: =IF(O16>0, 5-O16, "") | Q16: =IFERROR(INDEX(Aug!AO$6:AO$31,MATCH($A16,Aug!$A$6:$A$31,0)),0)+IFERROR(INDEX(Sep!AO$6:AO$31,MATCH($A16,Sep!$A$6:$A$31,0)),0)+IFERROR(INDEX(Oct!AO$6:AO$31,MATCH($A16,Oct!$A$6:$A$31,0)),0)+IFERROR(INDEX(Nov!AO$6:AO$31,MATCH($A16,Nov!$A$6:$A$31,0)),0)+IFERROR(INDEX(Dec!AO$6:AO$31,MATCH($A16,Dec!$A$6:$A$31,0)),0)+IFERROR(INDEX(Jan!AO$6:AO$32,MATCH($A16,Jan!$A$6:$A$32,0)),0)+IFERROR(INDEX(Feb!AO$6:AO$28,MATCH($A16,Feb!$A$6:$A$28,0)),0)+IFERROR(INDEX(Mar!AO$6:AO$31,MATCH($A16,Mar!$A$6:$A$31,0)),0)+IFERROR(INDEX(Apr!AO$6:AO$31,MATCH($A16,Apr!$A$6:$A$31,0)),0)+IFERROR(INDEX(May!AO$6:AO$31,MATCH($A16,May!$A$6:$A$31,0)),0)+IFERROR(INDEX(Jun!AO$6:AO$31,MATCH($A16,Jun!$A$6:$A$31,0)),0)+IFERROR(INDEX(Jul!AO$6:AO$31,MATCH($A16,Jul!$A$6:$A$31,0)),0) -> 0 | R16: =IF(Q16>0, 7-Q16, "") | S16: =C16+E16+G16+I16+K16+M16+O16+Q16 -> 4 | T16: If you need to add more names, you will need to insert
A17: 8 | B17: EMMANUELA LONGJAP | C17: =IFERROR(INDEX(Aug!AH$6:AH$31,MATCH($A17,Aug!$A$6:$A$31,0)),0)+IFERROR(INDEX(Sep!AH$6:AH$31,MATCH($A17,Sep!$A$6:$A$31,0)),0)+IFERROR(INDEX(Oct!AH$6:AH$31,MATCH($A17,Oct!$A$6:$A$31,0)),0)+IFERROR(INDEX(Nov!AH$6:AH$31,MATCH($A17,Nov!$A$6:$A$31,0)),0)+IFERROR(INDEX(Dec!AH$6:AH$31,MATCH($A17,Dec!$A$6:$A$31,0)),0)+IFERROR(INDEX(Jan!AH$6:AH$32,MATCH($A17,Jan!$A$6:$A$32,0)),0)+IFERROR(INDEX(Feb!AH$6:AH$28,MATCH($A17,Feb!$A$6:$A$28,0)),0)+IFERROR(INDEX(Mar!AH$6:AH$31,MATCH($A17,Mar!$A$6:$A$31,0)),0)+IFERROR(INDEX(Apr!AH$6:AH$31,MATCH($A17,Apr!$A$6:$A$31,0)),0)+IFERROR(INDEX(May!AH$6:AH$31,MATCH($A17,May!$A$6:$A$31,0)),0)+IFERROR(INDEX(Jun!AH$6:AH$31,MATCH($A17,Jun!$A$6:$A$31,0)),0)+IFERROR(INDEX(Jul!AH$6:AH$31,MATCH($A17,Jul!$A$6:$A$31,0)),0) -> 0 | D17: =IF(C17>0, 21-C17, "") | E17: =IFERROR(INDEX(Aug!AI$6:AI$31,MATCH($A17,Aug!$A$6:$A$31,0)),0)+IFERROR(INDEX(Sep!AI$6:AI$31,MATCH($A17,Sep!$A$6:$A$31,0)),0)+IFERROR(INDEX(Oct!AI$6:AI$31,MATCH($A17,Oct!$A$6:$A$31,0)),0)+IFERROR(INDEX(Nov!AI$6:AI$31,MATCH($A17,Nov!$A$6:$A$31,0)),0)+IFERROR(INDEX(Dec!AI$6:AI$31,MATCH($A17,Dec!$A$6:$A$31,0)),0)+IFERROR(INDEX(Jan!AI$6:AI$32,MATCH($A17,Jan!$A$6:$A$32,0)),0)+IFERROR(INDEX(Feb!AI$6:AI$28,MATCH($A17,Feb!$A$6:$A$28,0)),0)+IFERROR(INDEX(Mar!AI$6:AI$31,MATCH($A17,Mar!$A$6:$A$31,0)),0)+IFERROR(INDEX(Apr!AI$6:AI$31,MATCH($A17,Apr!$A$6:$A$31,0)),0)+IFERROR(INDEX(May!AI$6:AI$31,MATCH($A17,May!$A$6:$A$31,0)),0)+IFERROR(INDEX(Jun!AI$6:AI$31,MATCH($A17,Jun!$A$6:$A$31,0)),0)+IFERROR(INDEX(Jul!AI$6:AI$31,MATCH($A17,Jul!$A$6:$A$31,0)),0) -> 0 | F17: =IF(E17>0, 15-E17, "") | G17: =IFERROR(INDEX(Aug!AJ$6:AJ$31,MATCH($A17,Aug!$A$6:$A$31,0)),0)+IFERROR(INDEX(Sep!AJ$6:AJ$31,MATCH($A17,Sep!$A$6:$A$31,0)),0)+IFERROR(INDEX(Oct!AJ$6:AJ$31,MATCH($A17,Oct!$A$6:$A$31,0)),0)+IFERROR(INDEX(Nov!AJ$6:AJ$31,MATCH($A17,Nov!$A$6:$A$31,0)),0)+IFERROR(INDEX(Dec!AJ$6:AJ$31,MATCH($A17,Dec!$A$6:$A$31,0)),0)+IFERROR(INDEX(Jan!AJ$6:AJ$32,MATCH($A17,Jan!$A$6:$A$32,0)),0)+IFERROR(INDEX(Feb!AJ$6:AJ$28,MATCH($A17,Feb!$A$6:$A$28,0)),0)+IFERROR(INDEX(Mar!AJ$6:AJ$31,MATCH($A17,Mar!$A$6:$A$31,0)),0)+IFERROR(INDEX(Apr!AJ$6:AJ$31,MATCH($A17,Apr!$A$6:$A$31,0)),0)+IFERROR(INDEX(May!AJ$6:AJ$31,MATCH($A17,May!$A$6:$A$31,0)),0)+IFERROR(INDEX(Jun!AJ$6:AJ$31,MATCH($A17,Jun!$A$6:$A$31,0)),0)+IFERROR(INDEX(Jul!AJ$6:AJ$31,MATCH($A17,Jul!$A$6:$A$31,0)),0) -> 0 | H17: =IF(G17>0, 80-G17, "") | I17: =IFERROR(INDEX(Aug!AK$6:AK$31,MATCH($A17,Aug!$A$6:$A$31,0)),0)+IFERROR(INDEX(Sep!AK$6:AK$31,MATCH($A17,Sep!$A$6:$A$31,0)),0)+IFERROR(INDEX(Oct!AK$6:AK$31,MATCH($A17,Oct!$A$6:$A$31,0)),0)+IFERROR(INDEX(Nov!AK$6:AK$31,MATCH($A17,Nov!$A$6:$A$31,0)),0)+IFERROR(INDEX(Dec!AK$6:AK$31,MATCH($A17,Dec!$A$6:$A$31,0)),0)+IFERROR(INDEX(Jan!AK$6:AK$32,MATCH($A17,Jan!$A$6:$A$32,0)),0)+IFERROR(INDEX(Feb!AK$6:AK$28,MATCH($A17,Feb!$A$6:$A$28,0)),0)+IFERROR(INDEX(Mar!AK$6:AK$31,MATCH($A17,Mar!$A$6:$A$31,0)),0)+IFERROR(INDEX(Apr!AK$6:AK$31,MATCH($A17,Apr!$A$6:$A$31,0)),0)+IFERROR(INDEX(May!AK$6:AK$31,MATCH($A17,May!$A$6:$A$31,0)),0)+IFERROR(INDEX(Jun!AK$6:AK$31,MATCH($A17,Jun!$A$6:$A$31,0)),0)+IFERROR(INDEX(Jul!AK$6:AK$31,MATCH($A17,Jul!$A$6:$A$31,0)),0) -> 0 | J17: =IF(I17>0, 5-I17, "") | K17: =IFERROR(INDEX(Aug!AL$6:AL$31,MATCH($A17,Aug!$A$6:$A$31,0)),0)+IFERROR(INDEX(Sep!AL$6:AL$31,MATCH($A17,Sep!$A$6:$A$31,0)),0)+IFERROR(INDEX(Oct!AL$6:AL$31,MATCH($A17,Oct!$A$6:$A$31,0)),0)+IFERROR(INDEX(Nov!AL$6:AL$31,MATCH($A17,Nov!$A$6:$A$31,0)),0)+IFERROR(INDEX(Dec!AL$6:AL$31,MATCH($A17,Dec!$A$6:$A$31,0)),0)+IFERROR(INDEX(Jan!AL$6:AL$32,MATCH($A17,Jan!$A$6:$A$32,0)),0)+IFERROR(INDEX(Feb!AL$6:AL$28,MATCH($A17,Feb!$A$6:$A$28,0)),0)+IFERROR(INDEX(Mar!AL$6:AL$31,MATCH($A17,Mar!$A$6:$A$31,0)),0)+IFERROR(INDEX(Apr!AL$6:AL$31,MATCH($A17,Apr!$A$6:$A$31,0)),0)+IFERROR(INDEX(May!AL$6:AL$31,MATCH($A17,May!$A$6:$A$31,0)),0)+IFERROR(INDEX(Jun!AL$6:AL$31,MATCH($A17,Jun!$A$6:$A$31,0)),0)+IFERROR(INDEX(Jul!AL$6:AL$31,MATCH($A17,Jul!$A$6:$A$31,0)),0) -> 0 | L17: =IF(K17>0, 5-K17, "") | M17: =IFERROR(INDEX(Aug!AM$6:AM$31,MATCH($A17,Aug!$A$6:$A$31,0)),0)+IFERROR(INDEX(Sep!AM$6:AM$31,MATCH($A17,Sep!$A$6:$A$31,0)),0)+IFERROR(INDEX(Oct!AM$6:AM$31,MATCH($A17,Oct!$A$6:$A$31,0)),0)+IFERROR(INDEX(Nov!AM$6:AM$31,MATCH($A17,Nov!$A$6:$A$31,0)),0)+IFERROR(INDEX(Dec!AM$6:AM$31,MATCH($A17,Dec!$A$6:$A$31,0)),0)+IFERROR(INDEX(Jan!AM$6:AM$32,MATCH($A17,Jan!$A$6:$A$32,0)),0)+IFERROR(INDEX(Feb!AM$6:AM$28,MATCH($A17,Feb!$A$6:$A$28,0)),0)+IFERROR(INDEX(Mar!AM$6:AM$31,MATCH($A17,Mar!$A$6:$A$31,0)),0)+IFERROR(INDEX(Apr!AM$6:AM$31,MATCH($A17,Apr!$A$6:$A$31,0)),0)+IFERROR(INDEX(May!AM$6:AM$31,MATCH($A17,May!$A$6:$A$31,0)),0)+IFERROR(INDEX(Jun!AM$6:AM$31,MATCH($A17,Jun!$A$6:$A$31,0)),0)+IFERROR(INDEX(Jul!AM$6:AM$31,MATCH($A17,Jul!$A$6:$A$31,0)),0) -> 0 | N17: =IF(M17>0, 5-M17, "") | O17: =IFERROR(INDEX(Aug!AN$6:AN$31,MATCH($A17,Aug!$A$6:$A$31,0)),0)+IFERROR(INDEX(Sep!AN$6:AN$31,MATCH($A17,Sep!$A$6:$A$31,0)),0)+IFERROR(INDEX(Oct!AN$6:AN$31,MATCH($A17,Oct!$A$6:$A$31,0)),0)+IFERROR(INDEX(Nov!AN$6:AN$31,MATCH($A17,Nov!$A$6:$A$31,0)),0)+IFERROR(INDEX(Dec!AN$6:AN$31,MATCH($A17,Dec!$A$6:$A$31,0)),0)+IFERROR(INDEX(Jan!AN$6:AN$32,MATCH($A17,Jan!$A$6:$A$32,0)),0)+IFERROR(INDEX(Feb!AN$6:AN$28,MATCH($A17,Feb!$A$6:$A$28,0)),0)+IFERROR(INDEX(Mar!AN$6:AN$31,MATCH($A17,Mar!$A$6:$A$31,0)),0)+IFERROR(INDEX(Apr!AN$6:AN$31,MATCH($A17,Apr!$A$6:$A$31,0)),0)+IFERROR(INDEX(May!AN$6:AN$31,MATCH($A17,May!$A$6:$A$31,0)),0)+IFERROR(INDEX(Jun!AN$6:AN$31,MATCH($A17,Jun!$A$6:$A$31,0)),0)+IFERROR(INDEX(Jul!AN$6:AN$31,MATCH($A17,Jul!$A$6:$A$31,0)),0) -> 0 | P17: =IF(O17>0, 5-O17, "") | Q17: =IFERROR(INDEX(Aug!AO$6:AO$31,MATCH($A17,Aug!$A$6:$A$31,0)),0)+IFERROR(INDEX(Sep!AO$6:AO$31,MATCH($A17,Sep!$A$6:$A$31,0)),0)+IFERROR(INDEX(Oct!AO$6:AO$31,MATCH($A17,Oct!$A$6:$A$31,0)),0)+IFERROR(INDEX(Nov!AO$6:AO$31,MATCH($A17,Nov!$A$6:$A$31,0)),0)+IFERROR(INDEX(Dec!AO$6:AO$31,MATCH($A17,Dec!$A$6:$A$31,0)),0)+IFERROR(INDEX(Jan!AO$6:AO$32,MATCH($A17,Jan!$A$6:$A$32,0)),0)+IFERROR(INDEX(Feb!AO$6:AO$28,MATCH($A17,Feb!$A$6:$A$28,0)),0)+IFERROR(INDEX(Mar!AO$6:AO$31,MATCH($A17,Mar!$A$6:$A$31,0)),0)+IFERROR(INDEX(Apr!AO$6:AO$31,MATCH($A17,Apr!$A$6:$A$31,0)),0)+IFERROR(INDEX(May!AO$6:AO$31,MATCH($A17,May!$A$6:$A$31,0)),0)+IFERROR(INDEX(Jun!AO$6:AO$31,MATCH($A17,Jun!$A$6:$A$31,0)),0)+IFERROR(INDEX(Jul!AO$6:AO$31,MATCH($A17,Jul!$A$6:$A$31,0)),0) -> 0 | R17: =IF(Q17>0, 7-Q17, "") | S17: =C17+E17+G17+I17+K17+M17+O17+Q17 -> 0 | T17: new rows ABOVE the last row in the tables (the gray row).
A18: 9 | B18: OLUCHI EZE | C18: =IFERROR(INDEX(Aug!AH$6:AH$31,MATCH($A18,Aug!$A$6:$A$31,0)),0)+IFERROR(INDEX(Sep!AH$6:AH$31,MATCH($A18,Sep!$A$6:$A$31,0)),0)+IFERROR(INDEX(Oct!AH$6:AH$31,MATCH($A18,Oct!$A$6:$A$31,0)),0)+IFERROR(INDEX(Nov!AH$6:AH$31,MATCH($A18,Nov!$A$6:$A$31,0)),0)+IFERROR(INDEX(Dec!AH$6:AH$31,MATCH($A18,Dec!$A$6:$A$31,0)),0)+IFERROR(INDEX(Jan!AH$6:AH$32,MATCH($A18,Jan!$A$6:$A$32,0)),0)+IFERROR(INDEX(Feb!AH$6:AH$28,MATCH($A18,Feb!$A$6:$A$28,0)),0)+IFERROR(INDEX(Mar!AH$6:AH$31,MATCH($A18,Mar!$A$6:$A$31,0)),0)+IFERROR(INDEX(Apr!AH$6:AH$31,MATCH($A18,Apr!$A$6:$A$31,0)),0)+IFERROR(INDEX(May!AH$6:AH$31,MATCH($A18,May!$A$6:$A$31,0)),0)+IFERROR(INDEX(Jun!AH$6:AH$31,MATCH($A18,Jun!$A$6:$A$31,0)),0)+IFERROR(INDEX(Jul!AH$6:AH$31,MATCH($A18,Jul!$A$6:$A$31,0)),0) -> 0 | D18: =IF(C18>0, 21-C18, "") | E18: =IFERROR(INDEX(Aug!AI$6:AI$31,MATCH($A18,Aug!$A$6:$A$31,0)),0)+IFERROR(INDEX(Sep!AI$6:AI$31,MATCH($A18,Sep!$A$6:$A$31,0)),0)+IFERROR(INDEX(Oct!AI$6:AI$31,MATCH($A18,Oct!$A$6:$A$31,0)),0)+IFERROR(INDEX(Nov!AI$6:AI$31,MATCH($A18,Nov!$A$6:$A$31,0)),0)+IFERROR(INDEX(Dec!AI$6:AI$31,MATCH($A18,Dec!$A$6:$A$31,0)),0)+IFERROR(INDEX(Jan!AI$6:AI$32,MATCH($A18,Jan!$A$6:$A$32,0)),0)+IFERROR(INDEX(Feb!AI$6:AI$28,MATCH($A18,Feb!$A$6:$A$28,0)),0)+IFERROR(INDEX(Mar!AI$6:AI$31,MATCH($A18,Mar!$A$6:$A$31,0)),0)+IFERROR(INDEX(Apr!AI$6:AI$31,MATCH($A18,Apr!$A$6:$A$31,0)),0)+IFERROR(INDEX(May!AI$6:AI$31,MATCH($A18,May!$A$6:$A$31,0)),0)+IFERROR(INDEX(Jun!AI$6:AI$31,MATCH($A18,Jun!$A$6:$A$31,0)),0)+IFERROR(INDEX(Jul!AI$6:AI$31,MATCH($A18,Jul!$A$6:$A$31,0)),0) -> 0 | F18: =IF(E18>0, 15-E18, "") | G18: =IFERROR(INDEX(Aug!AJ$6:AJ$31,MATCH($A18,Aug!$A$6:$A$31,0)),0)+IFERROR(INDEX(Sep!AJ$6:AJ$31,MATCH($A18,Sep!$A$6:$A$31,0)),0)+IFERROR(INDEX(Oct!AJ$6:AJ$31,MATCH($A18,Oct!$A$6:$A$31,0)),0)+IFERROR(INDEX(Nov!AJ$6:AJ$31,MATCH($A18,Nov!$A$6:$A$31,0)),0)+IFERROR(INDEX(Dec!AJ$6:AJ$31,MATCH($A18,Dec!$A$6:$A$31,0)),0)+IFERROR(INDEX(Jan!AJ$6:AJ$32,MATCH($A18,Jan!$A$6:$A$32,0)),0)+IFERROR(INDEX(Feb!AJ$6:AJ$28,MATCH($A18,Feb!$A$6:$A$28,0)),0)+IFERROR(INDEX(Mar!AJ$6:AJ$31,MATCH($A18,Mar!$A$6:$A$31,0)),0)+IFERROR(INDEX(Apr!AJ$6:AJ$31,MATCH($A18,Apr!$A$6:$A$31,0)),0)+IFERROR(INDEX(May!AJ$6:AJ$31,MATCH($A18,May!$A$6:$A$31,0)),0)+IFERROR(INDEX(Jun!AJ$6:AJ$31,MATCH($A18,Jun!$A$6:$A$31,0)),0)+IFERROR(INDEX(Jul!AJ$6:AJ$31,MATCH($A18,Jul!$A$6:$A$31,0)),0) -> 0 | H18: =IF(G18>0, 80-G18, "") | I18: =IFERROR(INDEX(Aug!AK$6:AK$31,MATCH($A18,Aug!$A$6:$A$31,0)),0)+IFERROR(INDEX(Sep!AK$6:AK$31,MATCH($A18,Sep!$A$6:$A$31,0)),0)+IFERROR(INDEX(Oct!AK$6:AK$31,MATCH($A18,Oct!$A$6:$A$31,0)),0)+IFERROR(INDEX(Nov!AK$6:AK$31,MATCH($A18,Nov!$A$6:$A$31,0)),0)+IFERROR(INDEX(Dec!AK$6:AK$31,MATCH($A18,Dec!$A$6:$A$31,0)),0)+IFERROR(INDEX(Jan!AK$6:AK$32,MATCH($A18,Jan!$A$6:$A$32,0)),0)+IFERROR(INDEX(Feb!AK$6:AK$28,MATCH($A18,Feb!$A$6:$A$28,0)),0)+IFERROR(INDEX(Mar!AK$6:AK$31,MATCH($A18,Mar!$A$6:$A$31,0)),0)+IFERROR(INDEX(Apr!AK$6:AK$31,MATCH($A18,Apr!$A$6:$A$31,0)),0)+IFERROR(INDEX(May!AK$6:AK$31,MATCH($A18,May!$A$6:$A$31,0)),0)+IFERROR(INDEX(Jun!AK$6:AK$31,MATCH($A18,Jun!$A$6:$A$31,0)),0)+IFERROR(INDEX(Jul!AK$6:AK$31,MATCH($A18,Jul!$A$6:$A$31,0)),0) -> 0 | J18: =IF(I18>0, 5-I18, "") | K18: =IFERROR(INDEX(Aug!AL$6:AL$31,MATCH($A18,Aug!$A$6:$A$31,0)),0)+IFERROR(INDEX(Sep!AL$6:AL$31,MATCH($A18,Sep!$A$6:$A$31,0)),0)+IFERROR(INDEX(Oct!AL$6:AL$31,MATCH($A18,Oct!$A$6:$A$31,0)),0)+IFERROR(INDEX(Nov!AL$6:AL$31,MATCH($A18,Nov!$A$6:$A$31,0)),0)+IFERROR(INDEX(Dec!AL$6:AL$31,MATCH($A18,Dec!$A$6:$A$31,0)),0)+IFERROR(INDEX(Jan!AL$6:AL$32,MATCH($A18,Jan!$A$6:$A$32,0)),0)+IFERROR(INDEX(Feb!AL$6:AL$28,MATCH($A18,Feb!$A$6:$A$28,0)),0)+IFERROR(INDEX(Mar!AL$6:AL$31,MATCH($A18,Mar!$A$6:$A$31,0)),0)+IFERROR(INDEX(Apr!AL$6:AL$31,MATCH($A18,Apr!$A$6:$A$31,0)),0)+IFERROR(INDEX(May!AL$6:AL$31,MATCH($A18,May!$A$6:$A$31,0)),0)+IFERROR(INDEX(Jun!AL$6:AL$31,MATCH($A18,Jun!$A$6:$A$31,0)),0)+IFERROR(INDEX(Jul!AL$6:AL$31,MATCH($A18,Jul!$A$6:$A$31,0)),0) -> 0 | L18: =IF(K18>0, 5-K18, "") | M18: =IFERROR(INDEX(Aug!AM$6:AM$31,MATCH($A18,Aug!$A$6:$A$31,0)),0)+IFERROR(INDEX(Sep!AM$6:AM$31,MATCH($A18,Sep!$A$6:$A$31,0)),0)+IFERROR(INDEX(Oct!AM$6:AM$31,MATCH($A18,Oct!$A$6:$A$31,0)),0)+IFERROR(INDEX(Nov!AM$6:AM$31,MATCH($A18,Nov!$A$6:$A$31,0)),0)+IFERROR(INDEX(Dec!AM$6:AM$31,MATCH($A18,Dec!$A$6:$A$31,0)),0)+IFERROR(INDEX(Jan!AM$6:AM$32,MATCH($A18,Jan!$A$6:$A$32,0)),0)+IFERROR(INDEX(Feb!AM$6:AM$28,MATCH($A18,Feb!$A$6:$A$28,0)),0)+IFERROR(INDEX(Mar!AM$6:AM$31,MATCH($A18,Mar!$A$6:$A$31,0)),0)+IFERROR(INDEX(Apr!AM$6:AM$31,MATCH($A18,Apr!$A$6:$A$31,0)),0)+IFERROR(INDEX(May!AM$6:AM$31,MATCH($A18,May!$A$6:$A$31,0)),0)+IFERROR(INDEX(Jun!AM$6:AM$31,MATCH($A18,Jun!$A$6:$A$31,0)),0)+IFERROR(INDEX(Jul!AM$6:AM$31,MATCH($A18,Jul!$A$6:$A$31,0)),0) -> 0 | N18: =IF(M18>0, 5-M18, "") | O18: =IFERROR(INDEX(Aug!AN$6:AN$31,MATCH($A18,Aug!$A$6:$A$31,0)),0)+IFERROR(INDEX(Sep!AN$6:AN$31,MATCH($A18,Sep!$A$6:$A$31,0)),0)+IFERROR(INDEX(Oct!AN$6:AN$31,MATCH($A18,Oct!$A$6:$A$31,0)),0)+IFERROR(INDEX(Nov!AN$6:AN$31,MATCH($A18,Nov!$A$6:$A$31,0)),0)+IFERROR(INDEX(Dec!AN$6:AN$31,MATCH($A18,Dec!$A$6:$A$31,0)),0)+IFERROR(INDEX(Jan!AN$6:AN$32,MATCH($A18,Jan!$A$6:$A$32,0)),0)+IFERROR(INDEX(Feb!AN$6:AN$28,MATCH($A18,Feb!$A$6:$A$28,0)),0)+IFERROR(INDEX(Mar!AN$6:AN$31,MATCH($A18,Mar!$A$6:$A$31,0)),0)+IFERROR(INDEX(Apr!AN$6:AN$31,MATCH($A18,Apr!$A$6:$A$31,0)),0)+IFERROR(INDEX(May!AN$6:AN$31,MATCH($A18,May!$A$6:$A$31,0)),0)+IFERROR(INDEX(Jun!AN$6:AN$31,MATCH($A18,Jun!$A$6:$A$31,0)),0)+IFERROR(INDEX(Jul!AN$6:AN$31,MATCH($A18,Jul!$A$6:$A$31,0)),0) -> 0 | P18: =IF(O18>0, 5-O18, "") | Q18: =IFERROR(INDEX(Aug!AO$6:AO$31,MATCH($A18,Aug!$A$6:$A$31,0)),0)+IFERROR(INDEX(Sep!AO$6:AO$31,MATCH($A18,Sep!$A$6:$A$31,0)),0)+IFERROR(INDEX(Oct!AO$6:AO$31,MATCH($A18,Oct!$A$6:$A$31,0)),0)+IFERROR(INDEX(Nov!AO$6:AO$31,MATCH($A18,Nov!$A$6:$A$31,0)),0)+IFERROR(INDEX(Dec!AO$6:AO$31,MATCH($A18,Dec!$A$6:$A$31,0)),0)+IFERROR(INDEX(Jan!AO$6:AO$32,MATCH($A18,Jan!$A$6:$A$32,0)),0)+IFERROR(INDEX(Feb!AO$6:AO$28,MATCH($A18,Feb!$A$6:$A$28,0)),0)+IFERROR(INDEX(Mar!AO$6:AO$31,MATCH($A18,Mar!$A$6:$A$31,0)),0)+IFERROR(INDEX(Apr!AO$6:AO$31,MATCH($A18,Apr!$A$6:$A$31,0)),0)+IFERROR(INDEX(May!AO$6:AO$31,MATCH($A18,May!$A$6:$A$31,0)),0)+IFERROR(INDEX(Jun!AO$6:AO$31,MATCH($A18,Jun!$A$6:$A$31,0)),0)+IFERROR(INDEX(Jul!AO$6:AO$31,MATCH($A18,Jul!$A$6:$A$31,0)),0) -> 0 | R18: =IF(Q18>0, 7-Q18, "") | S18: =C18+E18+G18+I18+K18+M18+O18+Q18 -> 0
A19: 10 | B19: NURA ABDULLAHI | C19: =IFERROR(INDEX(Aug!AH$6:AH$31,MATCH($A19,Aug!$A$6:$A$31,0)),0)+IFERROR(INDEX(Sep!AH$6:AH$31,MATCH($A19,Sep!$A$6:$A$31,0)),0)+IFERROR(INDEX(Oct!AH$6:AH$31,MATCH($A19,Oct!$A$6:$A$31,0)),0)+IFERROR(INDEX(Nov!AH$6:AH$31,MATCH($A19,Nov!$A$6:$A$31,0)),0)+IFERROR(INDEX(Dec!AH$6:AH$31,MATCH($A19,Dec!$A$6:$A$31,0)),0)+IFERROR(INDEX(Jan!AH$6:AH$32,MATCH($A19,Jan!$A$6:$A$32,0)),0)+IFERROR(INDEX(Feb!AH$6:AH$28,MATCH($A19,Feb!$A$6:$A$28,0)),0)+IFERROR(INDEX(Mar!AH$6:AH$31,MATCH($A19,Mar!$A$6:$A$31,0)),0)+IFERROR(INDEX(Apr!AH$6:AH$31,MATCH($A19,Apr!$A$6:$A$31,0)),0)+IFERROR(INDEX(May!AH$6:AH$31,MATCH($A19,May!$A$6:$A$31,0)),0)+IFERROR(INDEX(Jun!AH$6:AH$31,MATCH($A19,Jun!$A$6:$A$31,0)),0)+IFERROR(INDEX(Jul!AH$6:AH$31,MATCH($A19,Jul!$A$6:$A$31,0)),0) -> 0 | D19: =IF(C19>0, 11-C19, "") | E19: =IFERROR(INDEX(Aug!AI$6:AI$31,MATCH($A19,Aug!$A$6:$A$31,0)),0)+IFERROR(INDEX(Sep!AI$6:AI$31,MATCH($A19,Sep!$A$6:$A$31,0)),0)+IFERROR(INDEX(Oct!AI$6:AI$31,MATCH($A19,Oct!$A$6:$A$31,0)),0)+IFERROR(INDEX(Nov!AI$6:AI$31,MATCH($A19,Nov!$A$6:$A$31,0)),0)+IFERROR(INDEX(Dec!AI$6:AI$31,MATCH($A19,Dec!$A$6:$A$31,0)),0)+IFERROR(INDEX(Jan!AI$6:AI$32,MATCH($A19,Jan!$A$6:$A$32,0)),0)+IFERROR(INDEX(Feb!AI$6:AI$28,MATCH($A19,Feb!$A$6:$A$28,0)),0)+IFERROR(INDEX(Mar!AI$6:AI$31,MATCH($A19,Mar!$A$6:$A$31,0)),0)+IFERROR(INDEX(Apr!AI$6:AI$31,MATCH($A19,Apr!$A$6:$A$31,0)),0)+IFERROR(INDEX(May!AI$6:AI$31,MATCH($A19,May!$A$6:$A$31,0)),0)+IFERROR(INDEX(Jun!AI$6:AI$31,MATCH($A19,Jun!$A$6:$A$31,0)),0)+IFERROR(INDEX(Jul!AI$6:AI$31,MATCH($A19,Jul!$A$6:$A$31,0)),0) -> 0 | F19: =IF(E19>0, 7-E19, "") | G19: =IFERROR(INDEX(Aug!AJ$6:AJ$31,MATCH($A19,Aug!$A$6:$A$31,0)),0)+IFERROR(INDEX(Sep!AJ$6:AJ$31,MATCH($A19,Sep!$A$6:$A$31,0)),0)+IFERROR(INDEX(Oct!AJ$6:AJ$31,MATCH($A19,Oct!$A$6:$A$31,0)),0)+IFERROR(INDEX(Nov!AJ$6:AJ$31,MATCH($A19,Nov!$A$6:$A$31,0)),0)+IFERROR(INDEX(Dec!AJ$6:AJ$31,MATCH($A19,Dec!$A$6:$A$31,0)),0)+IFERROR(INDEX(Jan!AJ$6:AJ$32,MATCH($A19,Jan!$A$6:$A$32,0)),0)+IFERROR(INDEX(Feb!AJ$6:AJ$28,MATCH($A19,Feb!$A$6:$A$28,0)),0)+IFERROR(INDEX(Mar!AJ$6:AJ$31,MATCH($A19,Mar!$A$6:$A$31,0)),0)+IFERROR(INDEX(Apr!AJ$6:AJ$31,MATCH($A19,Apr!$A$6:$A$31,0)),0)+IFERROR(INDEX(May!AJ$6:AJ$31,MATCH($A19,May!$A$6:$A$31,0)),0)+IFERROR(INDEX(Jun!AJ$6:AJ$31,MATCH($A19,Jun!$A$6:$A$31,0)),0)+IFERROR(INDEX(Jul!AJ$6:AJ$31,MATCH($A19,Jul!$A$6:$A$31,0)),0) -> 0 | H19: =IF(G19>0, 5-G19, "") | I19: =IFERROR(INDEX(Aug!AK$6:AK$31,MATCH($A19,Aug!$A$6:$A$31,0)),0)+IFERROR(INDEX(Sep!AK$6:AK$31,MATCH($A19,Sep!$A$6:$A$31,0)),0)+IFERROR(INDEX(Oct!AK$6:AK$31,MATCH($A19,Oct!$A$6:$A$31,0)),0)+IFERROR(INDEX(Nov!AK$6:AK$31,MATCH($A19,Nov!$A$6:$A$31,0)),0)+IFERROR(INDEX(Dec!AK$6:AK$31,MATCH($A19,Dec!$A$6:$A$31,0)),0)+IFERROR(INDEX(Jan!AK$6:AK$32,MATCH($A19,Jan!$A$6:$A$32,0)),0)+IFERROR(INDEX(Feb!AK$6:AK$28,MATCH($A19,Feb!$A$6:$A$28,0)),0)+IFERROR(INDEX(Mar!AK$6:AK$31,MATCH($A19,Mar!$A$6:$A$31,0)),0)+IFERROR(INDEX(Apr!AK$6:AK$31,MATCH($A19,Apr!$A$6:$A$31,0)),0)+IFERROR(INDEX(May!AK$6:AK$31,MATCH($A19,May!$A$6:$A$31,0)),0)+IFERROR(INDEX(Jun!AK$6:AK$31,MATCH($A19,Jun!$A$6:$A$31,0)),0)+IFERROR(INDEX(Jul!AK$6:AK$31,MATCH($A19,Jul!$A$6:$A$31,0)),0) -> 0 | J19: =IF(I19>0, 5-I19, "") | K19: =IFERROR(INDEX(Aug!AL$6:AL$31,MATCH($A19,Aug!$A$6:$A$31,0)),0)+IFERROR(INDEX(Sep!AL$6:AL$31,MATCH($A19,Sep!$A$6:$A$31,0)),0)+IFERROR(INDEX(Oct!AL$6:AL$31,MATCH($A19,Oct!$A$6:$A$31,0)),0)+IFERROR(INDEX(Nov!AL$6:AL$31,MATCH($A19,Nov!$A$6:$A$31,0)),0)+IFERROR(INDEX(Dec!AL$6:AL$31,MATCH($A19,Dec!$A$6:$A$31,0)),0)+IFERROR(INDEX(Jan!AL$6:AL$32,MATCH($A19,Jan!$A$6:$A$32,0)),0)+IFERROR(INDEX(Feb!AL$6:AL$28,MATCH($A19,Feb!$A$6:$A$28,0)),0)+IFERROR(INDEX(Mar!AL$6:AL$31,MATCH($A19,Mar!$A$6:$A$31,0)),0)+IFERROR(INDEX(Apr!AL$6:AL$31,MATCH($A19,Apr!$A$6:$A$31,0)),0)+IFERROR(INDEX(May!AL$6:AL$31,MATCH($A19,May!$A$6:$A$31,0)),0)+IFERROR(INDEX(Jun!AL$6:AL$31,MATCH($A19,Jun!$A$6:$A$31,0)),0)+IFERROR(INDEX(Jul!AL$6:AL$31,MATCH($A19,Jul!$A$6:$A$31,0)),0) -> 0 | L19: =IF(K19>0, 5-K19, "") | M19: =IFERROR(INDEX(Aug!AM$6:AM$31,MATCH($A19,Aug!$A$6:$A$31,0)),0)+IFERROR(INDEX(Sep!AM$6:AM$31,MATCH($A19,Sep!$A$6:$A$31,0)),0)+IFERROR(INDEX(Oct!AM$6:AM$31,MATCH($A19,Oct!$A$6:$A$31,0)),0)+IFERROR(INDEX(Nov!AM$6:AM$31,MATCH($A19,Nov!$A$6:$A$31,0)),0)+IFERROR(INDEX(Dec!AM$6:AM$31,MATCH($A19,Dec!$A$6:$A$31,0)),0)+IFERROR(INDEX(Jan!AM$6:AM$32,MATCH($A19,Jan!$A$6:$A$32,0)),0)+IFERROR(INDEX(Feb!AM$6:AM$28,MATCH($A19,Feb!$A$6:$A$28,0)),0)+IFERROR(INDEX(Mar!AM$6:AM$31,MATCH($A19,Mar!$A$6:$A$31,0)),0)+IFERROR(INDEX(Apr!AM$6:AM$31,MATCH($A19,Apr!$A$6:$A$31,0)),0)+IFERROR(INDEX(May!AM$6:AM$31,MATCH($A19,May!$A$6:$A$31,0)),0)+IFERROR(INDEX(Jun!AM$6:AM$31,MATCH($A19,Jun!$A$6:$A$31,0)),0)+IFERROR(INDEX(Jul!AM$6:AM$31,MATCH($A19,Jul!$A$6:$A$31,0)),0) -> 0 | N19: =IF(M19>0, 5-M19, "") | O19: =IFERROR(INDEX(Aug!AN$6:AN$31,MATCH($A19,Aug!$A$6:$A$31,0)),0)+IFERROR(INDEX(Sep!AN$6:AN$31,MATCH($A19,Sep!$A$6:$A$31,0)),0)+IFERROR(INDEX(Oct!AN$6:AN$31,MATCH($A19,Oct!$A$6:$A$31,0)),0)+IFERROR(INDEX(Nov!AN$6:AN$31,MATCH($A19,Nov!$A$6:$A$31,0)),0)+IFERROR(INDEX(Dec!AN$6:AN$31,MATCH($A19,Dec!$A$6:$A$31,0)),0)+IFERROR(INDEX(Jan!AN$6:AN$32,MATCH($A19,Jan!$A$6:$A$32,0)),0)+IFERROR(INDEX(Feb!AN$6:AN$28,MATCH($A19,Feb!$A$6:$A$28,0)),0)+IFERROR(INDEX(Mar!AN$6:AN$31,MATCH($A19,Mar!$A$6:$A$31,0)),0)+IFERROR(INDEX(Apr!AN$6:AN$31,MATCH($A19,Apr!$A$6:$A$31,0)),0)+IFERROR(INDEX(May!AN$6:AN$31,MATCH($A19,May!$A$6:$A$31,0)),0)+IFERROR(INDEX(Jun!AN$6:AN$31,MATCH($A19,Jun!$A$6:$A$31,0)),0)+IFERROR(INDEX(Jul!AN$6:AN$31,MATCH($A19,Jul!$A$6:$A$31,0)),0) -> 0 | P19: =IF(O19>0, 5-O19, "") | Q19: =IFERROR(INDEX(Aug!AO$6:AO$31,MATCH($A19,Aug!$A$6:$A$31,0)),0)+IFERROR(INDEX(Sep!AO$6:AO$31,MATCH($A19,Sep!$A$6:$A$31,0)),0)+IFERROR(INDEX(Oct!AO$6:AO$31,MATCH($A19,Oct!$A$6:$A$31,0)),0)+IFERROR(INDEX(Nov!AO$6:AO$31,MATCH($A19,Nov!$A$6:$A$31,0)),0)+IFERROR(INDEX(Dec!AO$6:AO$31,MATCH($A19,Dec!$A$6:$A$31,0)),0)+IFERROR(INDEX(Jan!AO$6:AO$32,MATCH($A19,Jan!$A$6:$A$32,0)),0)+IFERROR(INDEX(Feb!AO$6:AO$28,MATCH($A19,Feb!$A$6:$A$28,0)),0)+IFERROR(INDEX(Mar!AO$6:AO$31,MATCH($A19,Mar!$A$6:$A$31,0)),0)+IFERROR(INDEX(Apr!AO$6:AO$31,MATCH($A19,Apr!$A$6:$A$31,0)),0)+IFERROR(INDEX(May!AO$6:AO$31,MATCH($A19,May!$A$6:$A$31,0)),0)+IFERROR(INDEX(Jun!AO$6:AO$31,MATCH($A19,Jun!$A$6:$A$31,0)),0)+IFERROR(INDEX(Jul!AO$6:AO$31,MATCH($A19,Jul!$A$6:$A$31,0)),0) -> 0 | R19: =IF(Q19>0, 3-Q19, "") | S19: =C19+E19+G19+I19+K19+M19+O19+Q19 -> 0
A20: 11 | B20: VERA EGELAMBA EZINNE | C20: =IFERROR(INDEX(Aug!AH$6:AH$31,MATCH($A20,Aug!$A$6:$A$31,0)),0)+IFERROR(INDEX(Sep!AH$6:AH$31,MATCH($A20,Sep!$A$6:$A$31,0)),0)+IFERROR(INDEX(Oct!AH$6:AH$31,MATCH($A20,Oct!$A$6:$A$31,0)),0)+IFERROR(INDEX(Nov!AH$6:AH$31,MATCH($A20,Nov!$A$6:$A$31,0)),0)+IFERROR(INDEX(Dec!AH$6:AH$31,MATCH($A20,Dec!$A$6:$A$31,0)),0)+IFERROR(INDEX(Jan!AH$6:AH$32,MATCH($A20,Jan!$A$6:$A$32,0)),0)+IFERROR(INDEX(Feb!AH$6:AH$28,MATCH($A20,Feb!$A$6:$A$28,0)),0)+IFERROR(INDEX(Mar!AH$6:AH$31,MATCH($A20,Mar!$A$6:$A$31,0)),0)+IFERROR(INDEX(Apr!AH$6:AH$31,MATCH($A20,Apr!$A$6:$A$31,0)),0)+IFERROR(INDEX(May!AH$6:AH$31,MATCH($A20,May!$A$6:$A$31,0)),0)+IFERROR(INDEX(Jun!AH$6:AH$31,MATCH($A20,Jun!$A$6:$A$31,0)),0)+IFERROR(INDEX(Jul!AH$6:AH$31,MATCH($A20,Jul!$A$6:$A$31,0)),0) -> 0 | D20: =IF(C20>0, 21-C20, "") | E20: =IFERROR(INDEX(Aug!AI$6:AI$31,MATCH($A20,Aug!$A$6:$A$31,0)),0)+IFERROR(INDEX(Sep!AI$6:AI$31,MATCH($A20,Sep!$A$6:$A$31,0)),0)+IFERROR(INDEX(Oct!AI$6:AI$31,MATCH($A20,Oct!$A$6:$A$31,0)),0)+IFERROR(INDEX(Nov!AI$6:AI$31,MATCH($A20,Nov!$A$6:$A$31,0)),0)+IFERROR(INDEX(Dec!AI$6:AI$31,MATCH($A20,Dec!$A$6:$A$31,0)),0)+IFERROR(INDEX(Jan!AI$6:AI$32,MATCH($A20,Jan!$A$6:$A$32,0)),0)+IFERROR(INDEX(Feb!AI$6:AI$28,MATCH($A20,Feb!$A$6:$A$28,0)),0)+IFERROR(INDEX(Mar!AI$6:AI$31,MATCH($A20,Mar!$A$6:$A$31,0)),0)+IFERROR(INDEX(Apr!AI$6:AI$31,MATCH($A20,Apr!$A$6:$A$31,0)),0)+IFERROR(INDEX(May!AI$6:AI$31,MATCH($A20,May!$A$6:$A$31,0)),0)+IFERROR(INDEX(Jun!AI$6:AI$31,MATCH($A20,Jun!$A$6:$A$31,0)),0)+IFERROR(INDEX(Jul!AI$6:AI$31,MATCH($A20,Jul!$A$6:$A$31,0)),0) -> 0 | F20: =IF(E20>0, 15-E20, "") | G20: =IFERROR(INDEX(Aug!AJ$6:AJ$31,MATCH($A20,Aug!$A$6:$A$31,0)),0)+IFERROR(INDEX(Sep!AJ$6:AJ$31,MATCH($A20,Sep!$A$6:$A$31,0)),0)+IFERROR(INDEX(Oct!AJ$6:AJ$31,MATCH($A20,Oct!$A$6:$A$31,0)),0)+IFERROR(INDEX(Nov!AJ$6:AJ$31,MATCH($A20,Nov!$A$6:$A$31,0)),0)+IFERROR(INDEX(Dec!AJ$6:AJ$31,MATCH($A20,Dec!$A$6:$A$31,0)),0)+IFERROR(INDEX(Jan!AJ$6:AJ$32,MATCH($A20,Jan!$A$6:$A$32,0)),0)+IFERROR(INDEX(Feb!AJ$6:AJ$28,MATCH($A20,Feb!$A$6:$A$28,0)),0)+IFERROR(INDEX(Mar!AJ$6:AJ$31,MATCH($A20,Mar!$A$6:$A$31,0)),0)+IFERROR(INDEX(Apr!AJ$6:AJ$31,MATCH($A20,Apr!$A$6:$A$31,0)),0)+IFERROR(INDEX(May!AJ$6:AJ$31,MATCH($A20,May!$A$6:$A$31,0)),0)+IFERROR(INDEX(Jun!AJ$6:AJ$31,MATCH($A20,Jun!$A$6:$A$31,0)),0)+IFERROR(INDEX(Jul!AJ$6:AJ$31,MATCH($A20,Jul!$A$6:$A$31,0)),0) -> 0 | H20: =IF(G20>0, 80-G20, "") | I20: =IFERROR(INDEX(Aug!AK$6:AK$31,MATCH($A20,Aug!$A$6:$A$31,0)),0)+IFERROR(INDEX(Sep!AK$6:AK$31,MATCH($A20,Sep!$A$6:$A$31,0)),0)+IFERROR(INDEX(Oct!AK$6:AK$31,MATCH($A20,Oct!$A$6:$A$31,0)),0)+IFERROR(INDEX(Nov!AK$6:AK$31,MATCH($A20,Nov!$A$6:$A$31,0)),0)+IFERROR(INDEX(Dec!AK$6:AK$31,MATCH($A20,Dec!$A$6:$A$31,0)),0)+IFERROR(INDEX(Jan!AK$6:AK$32,MATCH($A20,Jan!$A$6:$A$32,0)),0)+IFERROR(INDEX(Feb!AK$6:AK$28,MATCH($A20,Feb!$A$6:$A$28,0)),0)+IFERROR(INDEX(Mar!AK$6:AK$31,MATCH($A20,Mar!$A$6:$A$31,0)),0)+IFERROR(INDEX(Apr!AK$6:AK$31,MATCH($A20,Apr!$A$6:$A$31,0)),0)+IFERROR(INDEX(May!AK$6:AK$31,MATCH($A20,May!$A$6:$A$31,0)),0)+IFERROR(INDEX(Jun!AK$6:AK$31,MATCH($A20,Jun!$A$6:$A$31,0)),0)+IFERROR(INDEX(Jul!AK$6:AK$31,MATCH($A20,Jul!$A$6:$A$31,0)),0) -> 0 | J20: =IF(I20>0, 5-I20, "") | K20: =IFERROR(INDEX(Aug!AL$6:AL$31,MATCH($A20,Aug!$A$6:$A$31,0)),0)+IFERROR(INDEX(Sep!AL$6:AL$31,MATCH($A20,Sep!$A$6:$A$31,0)),0)+IFERROR(INDEX(Oct!AL$6:AL$31,MATCH($A20,Oct!$A$6:$A$31,0)),0)+IFERROR(INDEX(Nov!AL$6:AL$31,MATCH($A20,Nov!$A$6:$A$31,0)),0)+IFERROR(INDEX(Dec!AL$6:AL$31,MATCH($A20,Dec!$A$6:$A$31,0)),0)+IFERROR(INDEX(Jan!AL$6:AL$32,MATCH($A20,Jan!$A$6:$A$32,0)),0)+IFERROR(INDEX(Feb!AL$6:AL$28,MATCH($A20,Feb!$A$6:$A$28,0)),0)+IFERROR(INDEX(Mar!AL$6:AL$31,MATCH($A20,Mar!$A$6:$A$31,0)),0)+IFERROR(INDEX(Apr!AL$6:AL$31,MATCH($A20,Apr!$A$6:$A$31,0)),0)+IFERROR(INDEX(May!AL$6:AL$31,MATCH($A20,May!$A$6:$A$31,0)),0)+IFERROR(INDEX(Jun!AL$6:AL$31,MATCH($A20,Jun!$A$6:$A$31,0)),0)+IFERROR(INDEX(Jul!AL$6:AL$31,MATCH($A20,Jul!$A$6:$A$31,0)),0) -> 0 | L20: =IF(K20>0, 5-K20, "") | M20: =IFERROR(INDEX(Aug!AM$6:AM$31,MATCH($A20,Aug!$A$6:$A$31,0)),0)+IFERROR(INDEX(Sep!AM$6:AM$31,MATCH($A20,Sep!$A$6:$A$31,0)),0)+IFERROR(INDEX(Oct!AM$6:AM$31,MATCH($A20,Oct!$A$6:$A$31,0)),0)+IFERROR(INDEX(Nov!AM$6:AM$31,MATCH($A20,Nov!$A$6:$A$31,0)),0)+IFERROR(INDEX(Dec!AM$6:AM$31,MATCH($A20,Dec!$A$6:$A$31,0)),0)+IFERROR(INDEX(Jan!AM$6:AM$32,MATCH($A20,Jan!$A$6:$A$32,0)),0)+IFERROR(INDEX(Feb!AM$6:AM$28,MATCH($A20,Feb!$A$6:$A$28,0)),0)+IFERROR(INDEX(Mar!AM$6:AM$31,MATCH($A20,Mar!$A$6:$A$31,0)),0)+IFERROR(INDEX(Apr!AM$6:AM$31,MATCH($A20,Apr!$A$6:$A$31,0)),0)+IFERROR(INDEX(May!AM$6:AM$31,MATCH($A20,May!$A$6:$A$31,0)),0)+IFERROR(INDEX(Jun!AM$6:AM$31,MATCH($A20,Jun!$A$6:$A$31,0)),0)+IFERROR(INDEX(Jul!AM$6:AM$31,MATCH($A20,Jul!$A$6:$A$31,0)),0) -> 0 | N20: =IF(M20>0, 5-M20, "") | O20: =IFERROR(INDEX(Aug!AN$6:AN$31,MATCH($A20,Aug!$A$6:$A$31,0)),0)+IFERROR(INDEX(Sep!AN$6:AN$31,MATCH($A20,Sep!$A$6:$A$31,0)),0)+IFERROR(INDEX(Oct!AN$6:AN$31,MATCH($A20,Oct!$A$6:$A$31,0)),0)+IFERROR(INDEX(Nov!AN$6:AN$31,MATCH($A20,Nov!$A$6:$A$31,0)),0)+IFERROR(INDEX(Dec!AN$6:AN$31,MATCH($A20,Dec!$A$6:$A$31,0)),0)+IFERROR(INDEX(Jan!AN$6:AN$32,MATCH($A20,Jan!$A$6:$A$32,0)),0)+IFERROR(INDEX(Feb!AN$6:AN$28,MATCH($A20,Feb!$A$6:$A$28,0)),0)+IFERROR(INDEX(Mar!AN$6:AN$31,MATCH($A20,Mar!$A$6:$A$31,0)),0)+IFERROR(INDEX(Apr!AN$6:AN$31,MATCH($A20,Apr!$A$6:$A$31,0)),0)+IFERROR(INDEX(May!AN$6:AN$31,MATCH($A20,May!$A$6:$A$31,0)),0)+IFERROR(INDEX(Jun!AN$6:AN$31,MATCH($A20,Jun!$A$6:$A$31,0)),0)+IFERROR(INDEX(Jul!AN$6:AN$31,MATCH($A20,Jul!$A$6:$A$31,0)),0) -> 0 | P20: =IF(O20>0, 5-O20, "") | Q20: =IFERROR(INDEX(Aug!AO$6:AO$31,MATCH($A20,Aug!$A$6:$A$31,0)),0)+IFERROR(INDEX(Sep!AO$6:AO$31,MATCH($A20,Sep!$A$6:$A$31,0)),0)+IFERROR(INDEX(Oct!AO$6:AO$31,MATCH($A20,Oct!$A$6:$A$31,0)),0)+IFERROR(INDEX(Nov!AO$6:AO$31,MATCH($A20,Nov!$A$6:$A$31,0)),0)+IFERROR(INDEX(Dec!AO$6:AO$31,MATCH($A20,Dec!$A$6:$A$31,0)),0)+IFERROR(INDEX(Jan!AO$6:AO$32,MATCH($A20,Jan!$A$6:$A$32,0)),0)+IFERROR(INDEX(Feb!AO$6:AO$28,MATCH($A20,Feb!$A$6:$A$28,0)),0)+IFERROR(INDEX(Mar!AO$6:AO$31,MATCH($A20,Mar!$A$6:$A$31,0)),0)+IFERROR(INDEX(Apr!AO$6:AO$31,MATCH($A20,Apr!$A$6:$A$31,0)),0)+IFERROR(INDEX(May!AO$6:AO$31,MATCH($A20,May!$A$6:$A$31,0)),0)+IFERROR(INDEX(Jun!AO$6:AO$31,MATCH($A20,Jun!$A$6:$A$31,0)),0)+IFERROR(INDEX(Jul!AO$6:AO$31,MATCH($A20,Jul!$A$6:$A$31,0)),0) -> 0 | R20: =IF(Q20>0, 7-Q20, "") | S20: =C20+E20+G20+I20+K20+M20+O20+Q20 -> 0
A21: 18 | B21: NAIMA LABARAN DABO | C21: =IFERROR(INDEX(Aug!AH$6:AH$31,MATCH($A21,Aug!$A$6:$A$31,0)),0)+IFERROR(INDEX(Sep!AH$6:AH$31,MATCH($A21,Sep!$A$6:$A$31,0)),0)+IFERROR(INDEX(Oct!AH$6:AH$31,MATCH($A21,Oct!$A$6:$A$31,0)),0)+IFERROR(INDEX(Nov!AH$6:AH$31,MATCH($A21,Nov!$A$6:$A$31,0)),0)+IFERROR(INDEX(Dec!AH$6:AH$31,MATCH($A21,Dec!$A$6:$A$31,0)),0)+IFERROR(INDEX(Jan!AH$6:AH$32,MATCH($A21,Jan!$A$6:$A$32,0)),0)+IFERROR(INDEX(Feb!AH$6:AH$28,MATCH($A21,Feb!$A$6:$A$28,0)),0)+IFERROR(INDEX(Mar!AH$6:AH$31,MATCH($A21,Mar!$A$6:$A$31,0)),0)+IFERROR(INDEX(Apr!AH$6:AH$31,MATCH($A21,Apr!$A$6:$A$31,0)),0)+IFERROR(INDEX(May!AH$6:AH$31,MATCH($A21,May!$A$6:$A$31,0)),0)+IFERROR(INDEX(Jun!AH$6:AH$31,MATCH($A21,Jun!$A$6:$A$31,0)),0)+IFERROR(INDEX(Jul!AH$6:AH$31,MATCH($A21,Jul!$A$6:$A$31,0)),0) -> 0 | D21: =IF(C21>0, 13-C21, "") | E21: =IFERROR(INDEX(Aug!AI$6:AI$31,MATCH($A21,Aug!$A$6:$A$31,0)),0)+IFERROR(INDEX(Sep!AI$6:AI$31,MATCH($A21,Sep!$A$6:$A$31,0)),0)+IFERROR(INDEX(Oct!AI$6:AI$31,MATCH($A21,Oct!$A$6:$A$31,0)),0)+IFERROR(INDEX(Nov!AI$6:AI$31,MATCH($A21,Nov!$A$6:$A$31,0)),0)+IFERROR(INDEX(Dec!AI$6:AI$31,MATCH($A21,Dec!$A$6:$A$31,0)),0)+IFERROR(INDEX(Jan!AI$6:AI$32,MATCH($A21,Jan!$A$6:$A$32,0)),0)+IFERROR(INDEX(Feb!AI$6:AI$28,MATCH($A21,Feb!$A$6:$A$28,0)),0)+IFERROR(INDEX(Mar!AI$6:AI$31,MATCH($A21,Mar!$A$6:$A$31,0)),0)+IFERROR(INDEX(Apr!AI$6:AI$31,MATCH($A21,Apr!$A$6:$A$31,0)),0)+IFERROR(INDEX(May!AI$6:AI$31,MATCH($A21,May!$A$6:$A$31,0)),0)+IFERROR(INDEX(Jun!AI$6:AI$31,MATCH($A21,Jun!$A$6:$A$31,0)),0)+IFERROR(INDEX(Jul!AI$6:AI$31,MATCH($A21,Jul!$A$6:$A$31,0)),0) -> 0 | F21: =IF(E21>0, 9-E21, "") | G21: =IFERROR(INDEX(Aug!AJ$6:AJ$31,MATCH($A21,Aug!$A$6:$A$31,0)),0)+IFERROR(INDEX(Sep!AJ$6:AJ$31,MATCH($A21,Sep!$A$6:$A$31,0)),0)+IFERROR(INDEX(Oct!AJ$6:AJ$31,MATCH($A21,Oct!$A$6:$A$31,0)),0)+IFERROR(INDEX(Nov!AJ$6:AJ$31,MATCH($A21,Nov!$A$6:$A$31,0)),0)+IFERROR(INDEX(Dec!AJ$6:AJ$31,MATCH($A21,Dec!$A$6:$A$31,0)),0)+IFERROR(INDEX(Jan!AJ$6:AJ$32,MATCH($A21,Jan!$A$6:$A$32,0)),0)+IFERROR(INDEX(Feb!AJ$6:AJ$28,MATCH($A21,Feb!$A$6:$A$28,0)),0)+IFERROR(INDEX(Mar!AJ$6:AJ$31,MATCH($A21,Mar!$A$6:$A$31,0)),0)+IFERROR(INDEX(Apr!AJ$6:AJ$31,MATCH($A21,Apr!$A$6:$A$31,0)),0)+IFERROR(INDEX(May!AJ$6:AJ$31,MATCH($A21,May!$A$6:$A$31,0)),0)+IFERROR(INDEX(Jun!AJ$6:AJ$31,MATCH($A21,Jun!$A$6:$A$31,0)),0)+IFERROR(INDEX(Jul!AJ$6:AJ$31,MATCH($A21,Jul!$A$6:$A$31,0)),0) -> 0 | H21: =IF(G21>0, 50-G21, "") | I21: =IFERROR(INDEX(Aug!AK$6:AK$31,MATCH($A21,Aug!$A$6:$A$31,0)),0)+IFERROR(INDEX(Sep!AK$6:AK$31,MATCH($A21,Sep!$A$6:$A$31,0)),0)+IFERROR(INDEX(Oct!AK$6:AK$31,MATCH($A21,Oct!$A$6:$A$31,0)),0)+IFERROR(INDEX(Nov!AK$6:AK$31,MATCH($A21,Nov!$A$6:$A$31,0)),0)+IFERROR(INDEX(Dec!AK$6:AK$31,MATCH($A21,Dec!$A$6:$A$31,0)),0)+IFERROR(INDEX(Jan!AK$6:AK$32,MATCH($A21,Jan!$A$6:$A$32,0)),0)+IFERROR(INDEX(Feb!AK$6:AK$28,MATCH($A21,Feb!$A$6:$A$28,0)),0)+IFERROR(INDEX(Mar!AK$6:AK$31,MATCH($A21,Mar!$A$6:$A$31,0)),0)+IFERROR(INDEX(Apr!AK$6:AK$31,MATCH($A21,Apr!$A$6:$A$31,0)),0)+IFERROR(INDEX(May!AK$6:AK$31,MATCH($A21,May!$A$6:$A$31,0)),0)+IFERROR(INDEX(Jun!AK$6:AK$31,MATCH($A21,Jun!$A$6:$A$31,0)),0)+IFERROR(INDEX(Jul!AK$6:AK$31,MATCH($A21,Jul!$A$6:$A$31,0)),0) -> 0 | J21: =IF(I21>0, 5-I21, "") | K21: =IFERROR(INDEX(Aug!AL$6:AL$31,MATCH($A21,Aug!$A$6:$A$31,0)),0)+IFERROR(INDEX(Sep!AL$6:AL$31,MATCH($A21,Sep!$A$6:$A$31,0)),0)+IFERROR(INDEX(Oct!AL$6:AL$31,MATCH($A21,Oct!$A$6:$A$31,0)),0)+IFERROR(INDEX(Nov!AL$6:AL$31,MATCH($A21,Nov!$A$6:$A$31,0)),0)+IFERROR(INDEX(Dec!AL$6:AL$31,MATCH($A21,Dec!$A$6:$A$31,0)),0)+IFERROR(INDEX(Jan!AL$6:AL$32,MATCH($A21,Jan!$A$6:$A$32,0)),0)+IFERROR(INDEX(Feb!AL$6:AL$28,MATCH($A21,Feb!$A$6:$A$28,0)),0)+IFERROR(INDEX(Mar!AL$6:AL$31,MATCH($A21,Mar!$A$6:$A$31,0)),0)+IFERROR(INDEX(Apr!AL$6:AL$31,MATCH($A21,Apr!$A$6:$A$31,0)),0)+IFERROR(INDEX(May!AL$6:AL$31,MATCH($A21,May!$A$6:$A$31,0)),0)+IFERROR(INDEX(Jun!AL$6:AL$31,MATCH($A21,Jun!$A$6:$A$31,0)),0)+IFERROR(INDEX(Jul!AL$6:AL$31,MATCH($A21,Jul!$A$6:$A$31,0)),0) -> 0 | L21: =IF(K21>0, 5-K21, "") | M21: =IFERROR(INDEX(Aug!AM$6:AM$31,MATCH($A21,Aug!$A$6:$A$31,0)),0)+IFERROR(INDEX(Sep!AM$6:AM$31,MATCH($A21,Sep!$A$6:$A$31,0)),0)+IFERROR(INDEX(Oct!AM$6:AM$31,MATCH($A21,Oct!$A$6:$A$31,0)),0)+IFERROR(INDEX(Nov!AM$6:AM$31,MATCH($A21,Nov!$A$6:$A$31,0)),0)+IFERROR(INDEX(Dec!AM$6:AM$31,MATCH($A21,Dec!$A$6:$A$31,0)),0)+IFERROR(INDEX(Jan!AM$6:AM$32,MATCH($A21,Jan!$A$6:$A$32,0)),0)+IFERROR(INDEX(Feb!AM$6:AM$28,MATCH($A21,Feb!$A$6:$A$28,0)),0)+IFERROR(INDEX(Mar!AM$6:AM$31,MATCH($A21,Mar!$A$6:$A$31,0)),0)+IFERROR(INDEX(Apr!AM$6:AM$31,MATCH($A21,Apr!$A$6:$A$31,0)),0)+IFERROR(INDEX(May!AM$6:AM$31,MATCH($A21,May!$A$6:$A$31,0)),0)+IFERROR(INDEX(Jun!AM$6:AM$31,MATCH($A21,Jun!$A$6:$A$31,0)),0)+IFERROR(INDEX(Jul!AM$6:AM$31,MATCH($A21,Jul!$A$6:$A$31,0)),0) -> 0 | N21: =IF(M21>0, 5-M21, "") | O21: =IFERROR(INDEX(Aug!AN$6:AN$31,MATCH($A21,Aug!$A$6:$A$31,0)),0)+IFERROR(INDEX(Sep!AN$6:AN$31,MATCH($A21,Sep!$A$6:$A$31,0)),0)+IFERROR(INDEX(Oct!AN$6:AN$31,MATCH($A21,Oct!$A$6:$A$31,0)),0)+IFERROR(INDEX(Nov!AN$6:AN$31,MATCH($A21,Nov!$A$6:$A$31,0)),0)+IFERROR(INDEX(Dec!AN$6:AN$31,MATCH($A21,Dec!$A$6:$A$31,0)),0)+IFERROR(INDEX(Jan!AN$6:AN$32,MATCH($A21,Jan!$A$6:$A$32,0)),0)+IFERROR(INDEX(Feb!AN$6:AN$28,MATCH($A21,Feb!$A$6:$A$28,0)),0)+IFERROR(INDEX(Mar!AN$6:AN$31,MATCH($A21,Mar!$A$6:$A$31,0)),0)+IFERROR(INDEX(Apr!AN$6:AN$31,MATCH($A21,Apr!$A$6:$A$31,0)),0)+IFERROR(INDEX(May!AN$6:AN$31,MATCH($A21,May!$A$6:$A$31,0)),0)+IFERROR(INDEX(Jun!AN$6:AN$31,MATCH($A21,Jun!$A$6:$A$31,0)),0)+IFERROR(INDEX(Jul!AN$6:AN$31,MATCH($A21,Jul!$A$6:$A$31,0)),0) -> 0 | P21: =IF(O21>0, 5-O21, "") | Q21: =IFERROR(INDEX(Aug!AO$6:AO$31,MATCH($A21,Aug!$A$6:$A$31,0)),0)+IFERROR(INDEX(Sep!AO$6:AO$31,MATCH($A21,Sep!$A$6:$A$31,0)),0)+IFERROR(INDEX(Oct!AO$6:AO$31,MATCH($A21,Oct!$A$6:$A$31,0)),0)+IFERROR(INDEX(Nov!AO$6:AO$31,MATCH($A21,Nov!$A$6:$A$31,0)),0)+IFERROR(INDEX(Dec!AO$6:AO$31,MATCH($A21,Dec!$A$6:$A$31,0)),0)+IFERROR(INDEX(Jan!AO$6:AO$32,MATCH($A21,Jan!$A$6:$A$32,0)),0)+IFERROR(INDEX(Feb!AO$6:AO$28,MATCH($A21,Feb!$A$6:$A$28,0)),0)+IFERROR(INDEX(Mar!AO$6:AO$31,MATCH($A21,Mar!$A$6:$A$31,0)),0)+IFERROR(INDEX(Apr!AO$6:AO$31,MATCH($A21,Apr!$A$6:$A$31,0)),0)+IFERROR(INDEX(May!AO$6:AO$31,MATCH($A21,May!$A$6:$A$31,0)),0)+IFERROR(INDEX(Jun!AO$6:AO$31,MATCH($A21,Jun!$A$6:$A$31,0)),0)+IFERROR(INDEX(Jul!AO$6:AO$31,MATCH($A21,Jul!$A$6:$A$31,0)),0) -> 0 | R21: =IF(Q21>0, 4-Q21, "") | S21: =C21+E21+G21+I21+K21+M21+O21+Q21 -> 0
A22: 19 | C22: =IFERROR(INDEX(Aug!AH$6:AH$31,MATCH($A22,Aug!$A$6:$A$31,0)),0)+IFERROR(INDEX(Sep!AH$6:AH$31,MATCH($A22,Sep!$A$6:$A$31,0)),0)+IFERROR(INDEX(Oct!AH$6:AH$31,MATCH($A22,Oct!$A$6:$A$31,0)),0)+IFERROR(INDEX(Nov!AH$6:AH$31,MATCH($A22,Nov!$A$6:$A$31,0)),0)+IFERROR(INDEX(Dec!AH$6:AH$31,MATCH($A22,Dec!$A$6:$A$31,0)),0)+IFERROR(INDEX(Jan!AH$6:AH$32,MATCH($A22,Jan!$A$6:$A$32,0)),0)+IFERROR(INDEX(Feb!AH$6:AH$28,MATCH($A22,Feb!$A$6:$A$28,0)),0)+IFERROR(INDEX(Mar!AH$6:AH$31,MATCH($A22,Mar!$A$6:$A$31,0)),0)+IFERROR(INDEX(Apr!AH$6:AH$31,MATCH($A22,Apr!$A$6:$A$31,0)),0)+IFERROR(INDEX(May!AH$6:AH$31,MATCH($A22,May!$A$6:$A$31,0)),0)+IFERROR(INDEX(Jun!AH$6:AH$31,MATCH($A22,Jun!$A$6:$A$31,0)),0)+IFERROR(INDEX(Jul!AH$6:AH$31,MATCH($A22,Jul!$A$6:$A$31,0)),0) -> 0 | D22: =IF(C22>0, 21-C22, "") | E22: =IFERROR(INDEX(Aug!AI$6:AI$31,MATCH($A22,Aug!$A$6:$A$31,0)),0)+IFERROR(INDEX(Sep!AI$6:AI$31,MATCH($A22,Sep!$A$6:$A$31,0)),0)+IFERROR(INDEX(Oct!AI$6:AI$31,MATCH($A22,Oct!$A$6:$A$31,0)),0)+IFERROR(INDEX(Nov!AI$6:AI$31,MATCH($A22,Nov!$A$6:$A$31,0)),0)+IFERROR(INDEX(Dec!AI$6:AI$31,MATCH($A22,Dec!$A$6:$A$31,0)),0)+IFERROR(INDEX(Jan!AI$6:AI$32,MATCH($A22,Jan!$A$6:$A$32,0)),0)+IFERROR(INDEX(Feb!AI$6:AI$28,MATCH($A22,Feb!$A$6:$A$28,0)),0)+IFERROR(INDEX(Mar!AI$6:AI$31,MATCH($A22,Mar!$A$6:$A$31,0)),0)+IFERROR(INDEX(Apr!AI$6:AI$31,MATCH($A22,Apr!$A$6:$A$31,0)),0)+IFERROR(INDEX(May!AI$6:AI$31,MATCH($A22,May!$A$6:$A$31,0)),0)+IFERROR(INDEX(Jun!AI$6:AI$31,MATCH($A22,Jun!$A$6:$A$31,0)),0)+IFERROR(INDEX(Jul!AI$6:AI$31,MATCH($A22,Jul!$A$6:$A$31,0)),0) -> 0 | F22: =IF(E22>0, 15-E22, "") | G22: =IFERROR(INDEX(Aug!AJ$6:AJ$31,MATCH($A22,Aug!$A$6:$A$31,0)),0)+IFERROR(INDEX(Sep!AJ$6:AJ$31,MATCH($A22,Sep!$A$6:$A$31,0)),0)+IFERROR(INDEX(Oct!AJ$6:AJ$31,MATCH($A22,Oct!$A$6:$A$31,0)),0)+IFERROR(INDEX(Nov!AJ$6:AJ$31,MATCH($A22,Nov!$A$6:$A$31,0)),0)+IFERROR(INDEX(Dec!AJ$6:AJ$31,MATCH($A22,Dec!$A$6:$A$31,0)),0)+IFERROR(INDEX(Jan!AJ$6:AJ$32,MATCH($A22,Jan!$A$6:$A$32,0)),0)+IFERROR(INDEX(Feb!AJ$6:AJ$28,MATCH($A22,Feb!$A$6:$A$28,0)),0)+IFERROR(INDEX(Mar!AJ$6:AJ$31,MATCH($A22,Mar!$A$6:$A$31,0)),0)+IFERROR(INDEX(Apr!AJ$6:AJ$31,MATCH($A22,Apr!$A$6:$A$31,0)),0)+IFERROR(INDEX(May!AJ$6:AJ$31,MATCH($A22,May!$A$6:$A$31,0)),0)+IFERROR(INDEX(Jun!AJ$6:AJ$31,MATCH($A22,Jun!$A$6:$A$31,0)),0)+IFERROR(INDEX(Jul!AJ$6:AJ$31,MATCH($A22,Jul!$A$6:$A$31,0)),0) -> 0 | H22: =IF(G22>0, 80-G22, "") | I22: =IFERROR(INDEX(Aug!AK$6:AK$31,MATCH($A22,Aug!$A$6:$A$31,0)),0)+IFERROR(INDEX(Sep!AK$6:AK$31,MATCH($A22,Sep!$A$6:$A$31,0)),0)+IFERROR(INDEX(Oct!AK$6:AK$31,MATCH($A22,Oct!$A$6:$A$31,0)),0)+IFERROR(INDEX(Nov!AK$6:AK$31,MATCH($A22,Nov!$A$6:$A$31,0)),0)+IFERROR(INDEX(Dec!AK$6:AK$31,MATCH($A22,Dec!$A$6:$A$31,0)),0)+IFERROR(INDEX(Jan!AK$6:AK$32,MATCH($A22,Jan!$A$6:$A$32,0)),0)+IFERROR(INDEX(Feb!AK$6:AK$28,MATCH($A22,Feb!$A$6:$A$28,0)),0)+IFERROR(INDEX(Mar!AK$6:AK$31,MATCH($A22,Mar!$A$6:$A$31,0)),0)+IFERROR(INDEX(Apr!AK$6:AK$31,MATCH($A22,Apr!$A$6:$A$31,0)),0)+IFERROR(INDEX(May!AK$6:AK$31,MATCH($A22,May!$A$6:$A$31,0)),0)+IFERROR(INDEX(Jun!AK$6:AK$31,MATCH($A22,Jun!$A$6:$A$31,0)),0)+IFERROR(INDEX(Jul!AK$6:AK$31,MATCH($A22,Jul!$A$6:$A$31,0)),0) -> 0 | J22: =IF(I22>0, 5-I22, "") | K22: =IFERROR(INDEX(Aug!AL$6:AL$31,MATCH($A22,Aug!$A$6:$A$31,0)),0)+IFERROR(INDEX(Sep!AL$6:AL$31,MATCH($A22,Sep!$A$6:$A$31,0)),0)+IFERROR(INDEX(Oct!AL$6:AL$31,MATCH($A22,Oct!$A$6:$A$31,0)),0)+IFERROR(INDEX(Nov!AL$6:AL$31,MATCH($A22,Nov!$A$6:$A$31,0)),0)+IFERROR(INDEX(Dec!AL$6:AL$31,MATCH($A22,Dec!$A$6:$A$31,0)),0)+IFERROR(INDEX(Jan!AL$6:AL$32,MATCH($A22,Jan!$A$6:$A$32,0)),0)+IFERROR(INDEX(Feb!AL$6:AL$28,MATCH($A22,Feb!$A$6:$A$28,0)),0)+IFERROR(INDEX(Mar!AL$6:AL$31,MATCH($A22,Mar!$A$6:$A$31,0)),0)+IFERROR(INDEX(Apr!AL$6:AL$31,MATCH($A22,Apr!$A$6:$A$31,0)),0)+IFERROR(INDEX(May!AL$6:AL$31,MATCH($A22,May!$A$6:$A$31,0)),0)+IFERROR(INDEX(Jun!AL$6:AL$31,MATCH($A22,Jun!$A$6:$A$31,0)),0)+IFERROR(INDEX(Jul!AL$6:AL$31,MATCH($A22,Jul!$A$6:$A$31,0)),0) -> 0 | L22: =IF(K22>0, 5-K22, "") | M22: =IFERROR(INDEX(Aug!AM$6:AM$31,MATCH($A22,Aug!$A$6:$A$31,0)),0)+IFERROR(INDEX(Sep!AM$6:AM$31,MATCH($A22,Sep!$A$6:$A$31,0)),0)+IFERROR(INDEX(Oct!AM$6:AM$31,MATCH($A22,Oct!$A$6:$A$31,0)),0)+IFERROR(INDEX(Nov!AM$6:AM$31,MATCH($A22,Nov!$A$6:$A$31,0)),0)+IFERROR(INDEX(Dec!AM$6:AM$31,MATCH($A22,Dec!$A$6:$A$31,0)),0)+IFERROR(INDEX(Jan!AM$6:AM$32,MATCH($A22,Jan!$A$6:$A$32,0)),0)+IFERROR(INDEX(Feb!AM$6:AM$28,MATCH($A22,Feb!$A$6:$A$28,0)),0)+IFERROR(INDEX(Mar!AM$6:AM$31,MATCH($A22,Mar!$A$6:$A$31,0)),0)+IFERROR(INDEX(Apr!AM$6:AM$31,MATCH($A22,Apr!$A$6:$A$31,0)),0)+IFERROR(INDEX(May!AM$6:AM$31,MATCH($A22,May!$A$6:$A$31,0)),0)+IFERROR(INDEX(Jun!AM$6:AM$31,MATCH($A22,Jun!$A$6:$A$31,0)),0)+IFERROR(INDEX(Jul!AM$6:AM$31,MATCH($A22,Jul!$A$6:$A$31,0)),0) -> 0 | N22: =IF(M22>0, 5-M22, "") | O22: =IFERROR(INDEX(Aug!AN$6:AN$31,MATCH($A22,Aug!$A$6:$A$31,0)),0)+IFERROR(INDEX(Sep!AN$6:AN$31,MATCH($A22,Sep!$A$6:$A$31,0)),0)+IFERROR(INDEX(Oct!AN$6:AN$31,MATCH($A22,Oct!$A$6:$A$31,0)),0)+IFERROR(INDEX(Nov!AN$6:AN$31,MATCH($A22,Nov!$A$6:$A$31,0)),0)+IFERROR(INDEX(Dec!AN$6:AN$31,MATCH($A22,Dec!$A$6:$A$31,0)),0)+IFERROR(INDEX(Jan!AN$6:AN$32,MATCH($A22,Jan!$A$6:$A$32,0)),0)+IFERROR(INDEX(Feb!AN$6:AN$28,MATCH($A22,Feb!$A$6:$A$28,0)),0)+IFERROR(INDEX(Mar!AN$6:AN$31,MATCH($A22,Mar!$A$6:$A$31,0)),0)+IFERROR(INDEX(Apr!AN$6:AN$31,MATCH($A22,Apr!$A$6:$A$31,0)),0)+IFERROR(INDEX(May!AN$6:AN$31,MATCH($A22,May!$A$6:$A$31,0)),0)+IFERROR(INDEX(Jun!AN$6:AN$31,MATCH($A22,Jun!$A$6:$A$31,0)),0)+IFERROR(INDEX(Jul!AN$6:AN$31,MATCH($A22,Jul!$A$6:$A$31,0)),0) -> 0 | P22: =IF(O22>0, 5-O22, "") | Q22: =IFERROR(INDEX(Aug!AO$6:AO$31,MATCH($A22,Aug!$A$6:$A$31,0)),0)+IFERROR(INDEX(Sep!AO$6:AO$31,MATCH($A22,Sep!$A$6:$A$31,0)),0)+IFERROR(INDEX(Oct!AO$6:AO$31,MATCH($A22,Oct!$A$6:$A$31,0)),0)+IFERROR(INDEX(Nov!AO$6:AO$31,MATCH($A22,Nov!$A$6:$A$31,0)),0)+IFERROR(INDEX(Dec!AO$6:AO$31,MATCH($A22,Dec!$A$6:$A$31,0)),0)+IFERROR(INDEX(Jan!AO$6:AO$32,MATCH($A22,Jan!$A$6:$A$32,0)),0)+IFERROR(INDEX(Feb!AO$6:AO$28,MATCH($A22,Feb!$A$6:$A$28,0)),0)+IFERROR(INDEX(Mar!AO$6:AO$31,MATCH($A22,Mar!$A$6:$A$31,0)),0)+IFERROR(INDEX(Apr!AO$6:AO$31,MATCH($A22,Apr!$A$6:$A$31,0)),0)+IFERROR(INDEX(May!AO$6:AO$31,MATCH($A22,May!$A$6:$A$31,0)),0)+IFERROR(INDEX(Jun!AO$6:AO$31,MATCH($A22,Jun!$A$6:$A$31,0)),0)+IFERROR(INDEX(Jul!AO$6:AO$31,MATCH($A22,Jul!$A$6:$A$31,0)),0) -> 0 | R22: =IF(Q22>0, 7-Q22, "") | S22: =C22+E22+G22+I22+K22+M22+O22+Q22 -> 0
A23: 20 | C23: =IFERROR(INDEX(Aug!AH$6:AH$31,MATCH($A23,Aug!$A$6:$A$31,0)),0)+IFERROR(INDEX(Sep!AH$6:AH$31,MATCH($A23,Sep!$A$6:$A$31,0)),0)+IFERROR(INDEX(Oct!AH$6:AH$31,MATCH($A23,Oct!$A$6:$A$31,0)),0)+IFERROR(INDEX(Nov!AH$6:AH$31,MATCH($A23,Nov!$A$6:$A$31,0)),0)+IFERROR(INDEX(Dec!AH$6:AH$31,MATCH($A23,Dec!$A$6:$A$31,0)),0)+IFERROR(INDEX(Jan!AH$6:AH$32,MATCH($A23,Jan!$A$6:$A$32,0)),0)+IFERROR(INDEX(Feb!AH$6:AH$28,MATCH($A23,Feb!$A$6:$A$28,0)),0)+IFERROR(INDEX(Mar!AH$6:AH$31,MATCH($A23,Mar!$A$6:$A$31,0)),0)+IFERROR(INDEX(Apr!AH$6:AH$31,MATCH($A23,Apr!$A$6:$A$31,0)),0)+IFERROR(INDEX(May!AH$6:AH$31,MATCH($A23,May!$A$6:$A$31,0)),0)+IFERROR(INDEX(Jun!AH$6:AH$31,MATCH($A23,Jun!$A$6:$A$31,0)),0)+IFERROR(INDEX(Jul!AH$6:AH$31,MATCH($A23,Jul!$A$6:$A$31,0)),0) -> 0 | D23: =IF(C23>0, 21-C23, "") | E23: =IFERROR(INDEX(Aug!AI$6:AI$31,MATCH($A23,Aug!$A$6:$A$31,0)),0)+IFERROR(INDEX(Sep!AI$6:AI$31,MATCH($A23,Sep!$A$6:$A$31,0)),0)+IFERROR(INDEX(Oct!AI$6:AI$31,MATCH($A23,Oct!$A$6:$A$31,0)),0)+IFERROR(INDEX(Nov!AI$6:AI$31,MATCH($A23,Nov!$A$6:$A$31,0)),0)+IFERROR(INDEX(Dec!AI$6:AI$31,MATCH($A23,Dec!$A$6:$A$31,0)),0)+IFERROR(INDEX(Jan!AI$6:AI$32,MATCH($A23,Jan!$A$6:$A$32,0)),0)+IFERROR(INDEX(Feb!AI$6:AI$28,MATCH($A23,Feb!$A$6:$A$28,0)),0)+IFERROR(INDEX(Mar!AI$6:AI$31,MATCH($A23,Mar!$A$6:$A$31,0)),0)+IFERROR(INDEX(Apr!AI$6:AI$31,MATCH($A23,Apr!$A$6:$A$31,0)),0)+IFERROR(INDEX(May!AI$6:AI$31,MATCH($A23,May!$A$6:$A$31,0)),0)+IFERROR(INDEX(Jun!AI$6:AI$31,MATCH($A23,Jun!$A$6:$A$31,0)),0)+IFERROR(INDEX(Jul!AI$6:AI$31,MATCH($A23,Jul!$A$6:$A$31,0)),0) -> 0 | F23: =IF(E23>0, 15-E23, "") | G23: =IFERROR(INDEX(Aug!AJ$6:AJ$31,MATCH($A23,Aug!$A$6:$A$31,0)),0)+IFERROR(INDEX(Sep!AJ$6:AJ$31,MATCH($A23,Sep!$A$6:$A$31,0)),0)+IFERROR(INDEX(Oct!AJ$6:AJ$31,MATCH($A23,Oct!$A$6:$A$31,0)),0)+IFERROR(INDEX(Nov!AJ$6:AJ$31,MATCH($A23,Nov!$A$6:$A$31,0)),0)+IFERROR(INDEX(Dec!AJ$6:AJ$31,MATCH($A23,Dec!$A$6:$A$31,0)),0)+IFERROR(INDEX(Jan!AJ$6:AJ$32,MATCH($A23,Jan!$A$6:$A$32,0)),0)+IFERROR(INDEX(Feb!AJ$6:AJ$28,MATCH($A23,Feb!$A$6:$A$28,0)),0)+IFERROR(INDEX(Mar!AJ$6:AJ$31,MATCH($A23,Mar!$A$6:$A$31,0)),0)+IFERROR(INDEX(Apr!AJ$6:AJ$31,MATCH($A23,Apr!$A$6:$A$31,0)),0)+IFERROR(INDEX(May!AJ$6:AJ$31,MATCH($A23,May!$A$6:$A$31,0)),0)+IFERROR(INDEX(Jun!AJ$6:AJ$31,MATCH($A23,Jun!$A$6:$A$31,0)),0)+IFERROR(INDEX(Jul!AJ$6:AJ$31,MATCH($A23,Jul!$A$6:$A$31,0)),0) -> 0 | H23: =IF(G23>0, 80-G23, "") | I23: =IFERROR(INDEX(Aug!AK$6:AK$31,MATCH($A23,Aug!$A$6:$A$31,0)),0)+IFERROR(INDEX(Sep!AK$6:AK$31,MATCH($A23,Sep!$A$6:$A$31,0)),0)+IFERROR(INDEX(Oct!AK$6:AK$31,MATCH($A23,Oct!$A$6:$A$31,0)),0)+IFERROR(INDEX(Nov!AK$6:AK$31,MATCH($A23,Nov!$A$6:$A$31,0)),0)+IFERROR(INDEX(Dec!AK$6:AK$31,MATCH($A23,Dec!$A$6:$A$31,0)),0)+IFERROR(INDEX(Jan!AK$6:AK$32,MATCH($A23,Jan!$A$6:$A$32,0)),0)+IFERROR(INDEX(Feb!AK$6:AK$28,MATCH($A23,Feb!$A$6:$A$28,0)),0)+IFERROR(INDEX(Mar!AK$6:AK$31,MATCH($A23,Mar!$A$6:$A$31,0)),0)+IFERROR(INDEX(Apr!AK$6:AK$31,MATCH($A23,Apr!$A$6:$A$31,0)),0)+IFERROR(INDEX(May!AK$6:AK$31,MATCH($A23,May!$A$6:$A$31,0)),0)+IFERROR(INDEX(Jun!AK$6:AK$31,MATCH($A23,Jun!$A$6:$A$31,0)),0)+IFERROR(INDEX(Jul!AK$6:AK$31,MATCH($A23,Jul!$A$6:$A$31,0)),0) -> 0 | J23: =IF(I23>0, 5-I23, "") | K23: =IFERROR(INDEX(Aug!AL$6:AL$31,MATCH($A23,Aug!$A$6:$A$31,0)),0)+IFERROR(INDEX(Sep!AL$6:AL$31,MATCH($A23,Sep!$A$6:$A$31,0)),0)+IFERROR(INDEX(Oct!AL$6:AL$31,MATCH($A23,Oct!$A$6:$A$31,0)),0)+IFERROR(INDEX(Nov!AL$6:AL$31,MATCH($A23,Nov!$A$6:$A$31,0)),0)+IFERROR(INDEX(Dec!AL$6:AL$31,MATCH($A23,Dec!$A$6:$A$31,0)),0)+IFERROR(INDEX(Jan!AL$6:AL$32,MATCH($A23,Jan!$A$6:$A$32,0)),0)+IFERROR(INDEX(Feb!AL$6:AL$28,MATCH($A23,Feb!$A$6:$A$28,0)),0)+IFERROR(INDEX(Mar!AL$6:AL$31,MATCH($A23,Mar!$A$6:$A$31,0)),0)+IFERROR(INDEX(Apr!AL$6:AL$31,MATCH($A23,Apr!$A$6:$A$31,0)),0)+IFERROR(INDEX(May!AL$6:AL$31,MATCH($A23,May!$A$6:$A$31,0)),0)+IFERROR(INDEX(Jun!AL$6:AL$31,MATCH($A23,Jun!$A$6:$A$31,0)),0)+IFERROR(INDEX(Jul!AL$6:AL$31,MATCH($A23,Jul!$A$6:$A$31,0)),0) -> 0 | L23: =IF(K23>0, 5-K23, "") | M23: =IFERROR(INDEX(Aug!AM$6:AM$31,MATCH($A23,Aug!$A$6:$A$31,0)),0)+IFERROR(INDEX(Sep!AM$6:AM$31,MATCH($A23,Sep!$A$6:$A$31,0)),0)+IFERROR(INDEX(Oct!AM$6:AM$31,MATCH($A23,Oct!$A$6:$A$31,0)),0)+IFERROR(INDEX(Nov!AM$6:AM$31,MATCH($A23,Nov!$A$6:$A$31,0)),0)+IFERROR(INDEX(Dec!AM$6:AM$31,MATCH($A23,Dec!$A$6:$A$31,0)),0)+IFERROR(INDEX(Jan!AM$6:AM$32,MATCH($A23,Jan!$A$6:$A$32,0)),0)+IFERROR(INDEX(Feb!AM$6:AM$28,MATCH($A23,Feb!$A$6:$A$28,0)),0)+IFERROR(INDEX(Mar!AM$6:AM$31,MATCH($A23,Mar!$A$6:$A$31,0)),0)+IFERROR(INDEX(Apr!AM$6:AM$31,MATCH($A23,Apr!$A$6:$A$31,0)),0)+IFERROR(INDEX(May!AM$6:AM$31,MATCH($A23,May!$A$6:$A$31,0)),0)+IFERROR(INDEX(Jun!AM$6:AM$31,MATCH($A23,Jun!$A$6:$A$31,0)),0)+IFERROR(INDEX(Jul!AM$6:AM$31,MATCH($A23,Jul!$A$6:$A$31,0)),0) -> 0 | N23: =IF(M23>0, 5-M23, "") | O23: =IFERROR(INDEX(Aug!AN$6:AN$31,MATCH($A23,Aug!$A$6:$A$31,0)),0)+IFERROR(INDEX(Sep!AN$6:AN$31,MATCH($A23,Sep!$A$6:$A$31,0)),0)+IFERROR(INDEX(Oct!AN$6:AN$31,MATCH($A23,Oct!$A$6:$A$31,0)),0)+IFERROR(INDEX(Nov!AN$6:AN$31,MATCH($A23,Nov!$A$6:$A$31,0)),0)+IFERROR(INDEX(Dec!AN$6:AN$31,MATCH($A23,Dec!$A$6:$A$31,0)),0)+IFERROR(INDEX(Jan!AN$6:AN$32,MATCH($A23,Jan!$A$6:$A$32,0)),0)+IFERROR(INDEX(Feb!AN$6:AN$28,MATCH($A23,Feb!$A$6:$A$28,0)),0)+IFERROR(INDEX(Mar!AN$6:AN$31,MATCH($A23,Mar!$A$6:$A$31,0)),0)+IFERROR(INDEX(Apr!AN$6:AN$31,MATCH($A23,Apr!$A$6:$A$31,0)),0)+IFERROR(INDEX(May!AN$6:AN$31,MATCH($A23,May!$A$6:$A$31,0)),0)+IFERROR(INDEX(Jun!AN$6:AN$31,MATCH($A23,Jun!$A$6:$A$31,0)),0)+IFERROR(INDEX(Jul!AN$6:AN$31,MATCH($A23,Jul!$A$6:$A$31,0)),0) -> 0 | P23: =IF(O23>0, 5-O23, "") | Q23: =IFERROR(INDEX(Aug!AO$6:AO$31,MATCH($A23,Aug!$A$6:$A$31,0)),0)+IFERROR(INDEX(Sep!AO$6:AO$31,MATCH($A23,Sep!$A$6:$A$31,0)),0)+IFERROR(INDEX(Oct!AO$6:AO$31,MATCH($A23,Oct!$A$6:$A$31,0)),0)+IFERROR(INDEX(Nov!AO$6:AO$31,MATCH($A23,Nov!$A$6:$A$31,0)),0)+IFERROR(INDEX(Dec!AO$6:AO$31,MATCH($A23,Dec!$A$6:$A$31,0)),0)+IFERROR(INDEX(Jan!AO$6:AO$32,MATCH($A23,Jan!$A$6:$A$32,0)),0)+IFERROR(INDEX(Feb!AO$6:AO$28,MATCH($A23,Feb!$A$6:$A$28,0)),0)+IFERROR(INDEX(Mar!AO$6:AO$31,MATCH($A23,Mar!$A$6:$A$31,0)),0)+IFERROR(INDEX(Apr!AO$6:AO$31,MATCH($A23,Apr!$A$6:$A$31,0)),0)+IFERROR(INDEX(May!AO$6:AO$31,MATCH($A23,May!$A$6:$A$31,0)),0)+IFERROR(INDEX(Jun!AO$6:AO$31,MATCH($A23,Jun!$A$6:$A$31,0)),0)+IFERROR(INDEX(Jul!AO$6:AO$31,MATCH($A23,Jul!$A$6:$A$31,0)),0) -> 0 | R23: =IF(Q23>0, 7-Q23, "") | S23: =C23+E23+G23+I23+K23+M23+O23+Q23 -> 0
A24: 21 | C24: =IFERROR(INDEX(Aug!AH$6:AH$31,MATCH($A24,Aug!$A$6:$A$31,0)),0)+IFERROR(INDEX(Sep!AH$6:AH$31,MATCH($A24,Sep!$A$6:$A$31,0)),0)+IFERROR(INDEX(Oct!AH$6:AH$31,MATCH($A24,Oct!$A$6:$A$31,0)),0)+IFERROR(INDEX(Nov!AH$6:AH$31,MATCH($A24,Nov!$A$6:$A$31,0)),0)+IFERROR(INDEX(Dec!AH$6:AH$31,MATCH($A24,Dec!$A$6:$A$31,0)),0)+IFERROR(INDEX(Jan!AH$6:AH$32,MATCH($A24,Jan!$A$6:$A$32,0)),0)+IFERROR(INDEX(Feb!AH$6:AH$28,MATCH($A24,Feb!$A$6:$A$28,0)),0)+IFERROR(INDEX(Mar!AH$6:AH$31,MATCH($A24,Mar!$A$6:$A$31,0)),0)+IFERROR(INDEX(Apr!AH$6:AH$31,MATCH($A24,Apr!$A$6:$A$31,0)),0)+IFERROR(INDEX(May!AH$6:AH$31,MATCH($A24,May!$A$6:$A$31,0)),0)+IFERROR(INDEX(Jun!AH$6:AH$31,MATCH($A24,Jun!$A$6:$A$31,0)),0)+IFERROR(INDEX(Jul!AH$6:AH$31,MATCH($A24,Jul!$A$6:$A$31,0)),0) -> 0 | D24: =IF(C24>0, 21-C24, "") | E24: =IFERROR(INDEX(Aug!AI$6:AI$31,MATCH($A24,Aug!$A$6:$A$31,0)),0)+IFERROR(INDEX(Sep!AI$6:AI$31,MATCH($A24,Sep!$A$6:$A$31,0)),0)+IFERROR(INDEX(Oct!AI$6:AI$31,MATCH($A24,Oct!$A$6:$A$31,0)),0)+IFERROR(INDEX(Nov!AI$6:AI$31,MATCH($A24,Nov!$A$6:$A$31,0)),0)+IFERROR(INDEX(Dec!AI$6:AI$31,MATCH($A24,Dec!$A$6:$A$31,0)),0)+IFERROR(INDEX(Jan!AI$6:AI$32,MATCH($A24,Jan!$A$6:$A$32,0)),0)+IFERROR(INDEX(Feb!AI$6:AI$28,MATCH($A24,Feb!$A$6:$A$28,0)),0)+IFERROR(INDEX(Mar!AI$6:AI$31,MATCH($A24,Mar!$A$6:$A$31,0)),0)+IFERROR(INDEX(Apr!AI$6:AI$31,MATCH($A24,Apr!$A$6:$A$31,0)),0)+IFERROR(INDEX(May!AI$6:AI$31,MATCH($A24,May!$A$6:$A$31,0)),0)+IFERROR(INDEX(Jun!AI$6:AI$31,MATCH($A24,Jun!$A$6:$A$31,0)),0)+IFERROR(INDEX(Jul!AI$6:AI$31,MATCH($A24,Jul!$A$6:$A$31,0)),0) -> 0 | F24: =IF(E24>0, 15-E24, "") | G24: =IFERROR(INDEX(Aug!AJ$6:AJ$31,MATCH($A24,Aug!$A$6:$A$31,0)),0)+IFERROR(INDEX(Sep!AJ$6:AJ$31,MATCH($A24,Sep!$A$6:$A$31,0)),0)+IFERROR(INDEX(Oct!AJ$6:AJ$31,MATCH($A24,Oct!$A$6:$A$31,0)),0)+IFERROR(INDEX(Nov!AJ$6:AJ$31,MATCH($A24,Nov!$A$6:$A$31,0)),0)+IFERROR(INDEX(Dec!AJ$6:AJ$31,MATCH($A24,Dec!$A$6:$A$31,0)),0)+IFERROR(INDEX(Jan!AJ$6:AJ$32,MATCH($A24,Jan!$A$6:$A$32,0)),0)+IFERROR(INDEX(Feb!AJ$6:AJ$28,MATCH($A24,Feb!$A$6:$A$28,0)),0)+IFERROR(INDEX(Mar!AJ$6:AJ$31,MATCH($A24,Mar!$A$6:$A$31,0)),0)+IFERROR(INDEX(Apr!AJ$6:AJ$31,MATCH($A24,Apr!$A$6:$A$31,0)),0)+IFERROR(INDEX(May!AJ$6:AJ$31,MATCH($A24,May!$A$6:$A$31,0)),0)+IFERROR(INDEX(Jun!AJ$6:AJ$31,MATCH($A24,Jun!$A$6:$A$31,0)),0)+IFERROR(INDEX(Jul!AJ$6:AJ$31,MATCH($A24,Jul!$A$6:$A$31,0)),0) -> 0 | H24: =IF(G24>0, 80-G24, "") | I24: =IFERROR(INDEX(Aug!AK$6:AK$31,MATCH($A24,Aug!$A$6:$A$31,0)),0)+IFERROR(INDEX(Sep!AK$6:AK$31,MATCH($A24,Sep!$A$6:$A$31,0)),0)+IFERROR(INDEX(Oct!AK$6:AK$31,MATCH($A24,Oct!$A$6:$A$31,0)),0)+IFERROR(INDEX(Nov!AK$6:AK$31,MATCH($A24,Nov!$A$6:$A$31,0)),0)+IFERROR(INDEX(Dec!AK$6:AK$31,MATCH($A24,Dec!$A$6:$A$31,0)),0)+IFERROR(INDEX(Jan!AK$6:AK$32,MATCH($A24,Jan!$A$6:$A$32,0)),0)+IFERROR(INDEX(Feb!AK$6:AK$28,MATCH($A24,Feb!$A$6:$A$28,0)),0)+IFERROR(INDEX(Mar!AK$6:AK$31,MATCH($A24,Mar!$A$6:$A$31,0)),0)+IFERROR(INDEX(Apr!AK$6:AK$31,MATCH($A24,Apr!$A$6:$A$31,0)),0)+IFERROR(INDEX(May!AK$6:AK$31,MATCH($A24,May!$A$6:$A$31,0)),0)+IFERROR(INDEX(Jun!AK$6:AK$31,MATCH($A24,Jun!$A$6:$A$31,0)),0)+IFERROR(INDEX(Jul!AK$6:AK$31,MATCH($A24,Jul!$A$6:$A$31,0)),0) -> 0 | J24: =IF(I24>0, 5-I24, "") | K24: =IFERROR(INDEX(Aug!AL$6:AL$31,MATCH($A24,Aug!$A$6:$A$31,0)),0)+IFERROR(INDEX(Sep!AL$6:AL$31,MATCH($A24,Sep!$A$6:$A$31,0)),0)+IFERROR(INDEX(Oct!AL$6:AL$31,MATCH($A24,Oct!$A$6:$A$31,0)),0)+IFERROR(INDEX(Nov!AL$6:AL$31,MATCH($A24,Nov!$A$6:$A$31,0)),0)+IFERROR(INDEX(Dec!AL$6:AL$31,MATCH($A24,Dec!$A$6:$A$31,0)),0)+IFERROR(INDEX(Jan!AL$6:AL$32,MATCH($A24,Jan!$A$6:$A$32,0)),0)+IFERROR(INDEX(Feb!AL$6:AL$28,MATCH($A24,Feb!$A$6:$A$28,0)),0)+IFERROR(INDEX(Mar!AL$6:AL$31,MATCH($A24,Mar!$A$6:$A$31,0)),0)+IFERROR(INDEX(Apr!AL$6:AL$31,MATCH($A24,Apr!$A$6:$A$31,0)),0)+IFERROR(INDEX(May!AL$6:AL$31,MATCH($A24,May!$A$6:$A$31,0)),0)+IFERROR(INDEX(Jun!AL$6:AL$31,MATCH($A24,Jun!$A$6:$A$31,0)),0)+IFERROR(INDEX(Jul!AL$6:AL$31,MATCH($A24,Jul!$A$6:$A$31,0)),0) -> 0 | L24: =IF(K24>0, 5-K24, "") | M24: =IFERROR(INDEX(Aug!AM$6:AM$31,MATCH($A24,Aug!$A$6:$A$31,0)),0)+IFERROR(INDEX(Sep!AM$6:AM$31,MATCH($A24,Sep!$A$6:$A$31,0)),0)+IFERROR(INDEX(Oct!AM$6:AM$31,MATCH($A24,Oct!$A$6:$A$31,0)),0)+IFERROR(INDEX(Nov!AM$6:AM$31,MATCH($A24,Nov!$A$6:$A$31,0)),0)+IFERROR(INDEX(Dec!AM$6:AM$31,MATCH($A24,Dec!$A$6:$A$31,0)),0)+IFERROR(INDEX(Jan!AM$6:AM$32,MATCH($A24,Jan!$A$6:$A$32,0)),0)+IFERROR(INDEX(Feb!AM$6:AM$28,MATCH($A24,Feb!$A$6:$A$28,0)),0)+IFERROR(INDEX(Mar!AM$6:AM$31,MATCH($A24,Mar!$A$6:$A$31,0)),0)+IFERROR(INDEX(Apr!AM$6:AM$31,MATCH($A24,Apr!$A$6:$A$31,0)),0)+IFERROR(INDEX(May!AM$6:AM$31,MATCH($A24,May!$A$6:$A$31,0)),0)+IFERROR(INDEX(Jun!AM$6:AM$31,MATCH($A24,Jun!$A$6:$A$31,0)),0)+IFERROR(INDEX(Jul!AM$6:AM$31,MATCH($A24,Jul!$A$6:$A$31,0)),0) -> 0 | N24: =IF(M24>0, 5-M24, "") | O24: =IFERROR(INDEX(Aug!AN$6:AN$31,MATCH($A24,Aug!$A$6:$A$31,0)),0)+IFERROR(INDEX(Sep!AN$6:AN$31,MATCH($A24,Sep!$A$6:$A$31,0)),0)+IFERROR(INDEX(Oct!AN$6:AN$31,MATCH($A24,Oct!$A$6:$A$31,0)),0)+IFERROR(INDEX(Nov!AN$6:AN$31,MATCH($A24,Nov!$A$6:$A$31,0)),0)+IFERROR(INDEX(Dec!AN$6:AN$31,MATCH($A24,Dec!$A$6:$A$31,0)),0)+IFERROR(INDEX(Jan!AN$6:AN$32,MATCH($A24,Jan!$A$6:$A$32,0)),0)+IFERROR(INDEX(Feb!AN$6:AN$28,MATCH($A24,Feb!$A$6:$A$28,0)),0)+IFERROR(INDEX(Mar!AN$6:AN$31,MATCH($A24,Mar!$A$6:$A$31,0)),0)+IFERROR(INDEX(Apr!AN$6:AN$31,MATCH($A24,Apr!$A$6:$A$31,0)),0)+IFERROR(INDEX(May!AN$6:AN$31,MATCH($A24,May!$A$6:$A$31,0)),0)+IFERROR(INDEX(Jun!AN$6:AN$31,MATCH($A24,Jun!$A$6:$A$31,0)),0)+IFERROR(INDEX(Jul!AN$6:AN$31,MATCH($A24,Jul!$A$6:$A$31,0)),0) -> 0 | P24: =IF(O24>0, 5-O24, "") | Q24: =IFERROR(INDEX(Aug!AO$6:AO$31,MATCH($A24,Aug!$A$6:$A$31,0)),0)+IFERROR(INDEX(Sep!AO$6:AO$31,MATCH($A24,Sep!$A$6:$A$31,0)),0)+IFERROR(INDEX(Oct!AO$6:AO$31,MATCH($A24,Oct!$A$6:$A$31,0)),0)+IFERROR(INDEX(Nov!AO$6:AO$31,MATCH($A24,Nov!$A$6:$A$31,0)),0)+IFERROR(INDEX(Dec!AO$6:AO$31,MATCH($A24,Dec!$A$6:$A$31,0)),0)+IFERROR(INDEX(Jan!AO$6:AO$32,MATCH($A24,Jan!$A$6:$A$32,0)),0)+IFERROR(INDEX(Feb!AO$6:AO$28,MATCH($A24,Feb!$A$6:$A$28,0)),0)+IFERROR(INDEX(Mar!AO$6:AO$31,MATCH($A24,Mar!$A$6:$A$31,0)),0)+IFERROR(INDEX(Apr!AO$6:AO$31,MATCH($A24,Apr!$A$6:$A$31,0)),0)+IFERROR(INDEX(May!AO$6:AO$31,MATCH($A24,May!$A$6:$A$31,0)),0)+IFERROR(INDEX(Jun!AO$6:AO$31,MATCH($A24,Jun!$A$6:$A$31,0)),0)+IFERROR(INDEX(Jul!AO$6:AO$31,MATCH($A24,Jul!$A$6:$A$31,0)),0) -> 0 | R24: =IF(Q24>0, 7-Q24, "") | S24: =C24+E24+G24+I24+K24+M24+O24+Q24 -> 0
A25: 22 | C25: =IFERROR(INDEX(Aug!AH$6:AH$31,MATCH($A25,Aug!$A$6:$A$31,0)),0)+IFERROR(INDEX(Sep!AH$6:AH$31,MATCH($A25,Sep!$A$6:$A$31,0)),0)+IFERROR(INDEX(Oct!AH$6:AH$31,MATCH($A25,Oct!$A$6:$A$31,0)),0)+IFERROR(INDEX(Nov!AH$6:AH$31,MATCH($A25,Nov!$A$6:$A$31,0)),0)+IFERROR(INDEX(Dec!AH$6:AH$31,MATCH($A25,Dec!$A$6:$A$31,0)),0)+IFERROR(INDEX(Jan!AH$6:AH$32,MATCH($A25,Jan!$A$6:$A$32,0)),0)+IFERROR(INDEX(Feb!AH$6:AH$28,MATCH($A25,Feb!$A$6:$A$28,0)),0)+IFERROR(INDEX(Mar!AH$6:AH$31,MATCH($A25,Mar!$A$6:$A$31,0)),0)+IFERROR(INDEX(Apr!AH$6:AH$31,MATCH($A25,Apr!$A$6:$A$31,0)),0)+IFERROR(INDEX(May!AH$6:AH$31,MATCH($A25,May!$A$6:$A$31,0)),0)+IFERROR(INDEX(Jun!AH$6:AH$31,MATCH($A25,Jun!$A$6:$A$31,0)),0)+IFERROR(INDEX(Jul!AH$6:AH$31,MATCH($A25,Jul!$A$6:$A$31,0)),0) -> 0 | D25: =IF(C25>0, 21-C25, "") | E25: =IFERROR(INDEX(Aug!AI$6:AI$31,MATCH($A25,Aug!$A$6:$A$31,0)),0)+IFERROR(INDEX(Sep!AI$6:AI$31,MATCH($A25,Sep!$A$6:$A$31,0)),0)+IFERROR(INDEX(Oct!AI$6:AI$31,MATCH($A25,Oct!$A$6:$A$31,0)),0)+IFERROR(INDEX(Nov!AI$6:AI$31,MATCH($A25,Nov!$A$6:$A$31,0)),0)+IFERROR(INDEX(Dec!AI$6:AI$31,MATCH($A25,Dec!$A$6:$A$31,0)),0)+IFERROR(INDEX(Jan!AI$6:AI$32,MATCH($A25,Jan!$A$6:$A$32,0)),0)+IFERROR(INDEX(Feb!AI$6:AI$28,MATCH($A25,Feb!$A$6:$A$28,0)),0)+IFERROR(INDEX(Mar!AI$6:AI$31,MATCH($A25,Mar!$A$6:$A$31,0)),0)+IFERROR(INDEX(Apr!AI$6:AI$31,MATCH($A25,Apr!$A$6:$A$31,0)),0)+IFERROR(INDEX(May!AI$6:AI$31,MATCH($A25,May!$A$6:$A$31,0)),0)+IFERROR(INDEX(Jun!AI$6:AI$31,MATCH($A25,Jun!$A$6:$A$31,0)),0)+IFERROR(INDEX(Jul!AI$6:AI$31,MATCH($A25,Jul!$A$6:$A$31,0)),0) -> 0 | F25: =IF(E25>0, 15-E25, "") | G25: =IFERROR(INDEX(Aug!AJ$6:AJ$31,MATCH($A25,Aug!$A$6:$A$31,0)),0)+IFERROR(INDEX(Sep!AJ$6:AJ$31,MATCH($A25,Sep!$A$6:$A$31,0)),0)+IFERROR(INDEX(Oct!AJ$6:AJ$31,MATCH($A25,Oct!$A$6:$A$31,0)),0)+IFERROR(INDEX(Nov!AJ$6:AJ$31,MATCH($A25,Nov!$A$6:$A$31,0)),0)+IFERROR(INDEX(Dec!AJ$6:AJ$31,MATCH($A25,Dec!$A$6:$A$31,0)),0)+IFERROR(INDEX(Jan!AJ$6:AJ$32,MATCH($A25,Jan!$A$6:$A$32,0)),0)+IFERROR(INDEX(Feb!AJ$6:AJ$28,MATCH($A25,Feb!$A$6:$A$28,0)),0)+IFERROR(INDEX(Mar!AJ$6:AJ$31,MATCH($A25,Mar!$A$6:$A$31,0)),0)+IFERROR(INDEX(Apr!AJ$6:AJ$31,MATCH($A25,Apr!$A$6:$A$31,0)),0)+IFERROR(INDEX(May!AJ$6:AJ$31,MATCH($A25,May!$A$6:$A$31,0)),0)+IFERROR(INDEX(Jun!AJ$6:AJ$31,MATCH($A25,Jun!$A$6:$A$31,0)),0)+IFERROR(INDEX(Jul!AJ$6:AJ$31,MATCH($A25,Jul!$A$6:$A$31,0)),0) -> 0 | H25: =IF(G25>0, 80-G25, "") | I25: =IFERROR(INDEX(Aug!AK$6:AK$31,MATCH($A25,Aug!$A$6:$A$31,0)),0)+IFERROR(INDEX(Sep!AK$6:AK$31,MATCH($A25,Sep!$A$6:$A$31,0)),0)+IFERROR(INDEX(Oct!AK$6:AK$31,MATCH($A25,Oct!$A$6:$A$31,0)),0)+IFERROR(INDEX(Nov!AK$6:AK$31,MATCH($A25,Nov!$A$6:$A$31,0)),0)+IFERROR(INDEX(Dec!AK$6:AK$31,MATCH($A25,Dec!$A$6:$A$31,0)),0)+IFERROR(INDEX(Jan!AK$6:AK$32,MATCH($A25,Jan!$A$6:$A$32,0)),0)+IFERROR(INDEX(Feb!AK$6:AK$28,MATCH($A25,Feb!$A$6:$A$28,0)),0)+IFERROR(INDEX(Mar!AK$6:AK$31,MATCH($A25,Mar!$A$6:$A$31,0)),0)+IFERROR(INDEX(Apr!AK$6:AK$31,MATCH($A25,Apr!$A$6:$A$31,0)),0)+IFERROR(INDEX(May!AK$6:AK$31,MATCH($A25,May!$A$6:$A$31,0)),0)+IFERROR(INDEX(Jun!AK$6:AK$31,MATCH($A25,Jun!$A$6:$A$31,0)),0)+IFERROR(INDEX(Jul!AK$6:AK$31,MATCH($A25,Jul!$A$6:$A$31,0)),0) -> 0 | J25: =IF(I25>0, 5-I25, "") | K25: =IFERROR(INDEX(Aug!AL$6:AL$31,MATCH($A25,Aug!$A$6:$A$31,0)),0)+IFERROR(INDEX(Sep!AL$6:AL$31,MATCH($A25,Sep!$A$6:$A$31,0)),0)+IFERROR(INDEX(Oct!AL$6:AL$31,MATCH($A25,Oct!$A$6:$A$31,0)),0)+IFERROR(INDEX(Nov!AL$6:AL$31,MATCH($A25,Nov!$A$6:$A$31,0)),0)+IFERROR(INDEX(Dec!AL$6:AL$31,MATCH($A25,Dec!$A$6:$A$31,0)),0)+IFERROR(INDEX(Jan!AL$6:AL$32,MATCH($A25,Jan!$A$6:$A$32,0)),0)+IFERROR(INDEX(Feb!AL$6:AL$28,MATCH($A25,Feb!$A$6:$A$28,0)),0)+IFERROR(INDEX(Mar!AL$6:AL$31,MATCH($A25,Mar!$A$6:$A$31,0)),0)+IFERROR(INDEX(Apr!AL$6:AL$31,MATCH($A25,Apr!$A$6:$A$31,0)),0)+IFERROR(INDEX(May!AL$6:AL$31,MATCH($A25,May!$A$6:$A$31,0)),0)+IFERROR(INDEX(Jun!AL$6:AL$31,MATCH($A25,Jun!$A$6:$A$31,0)),0)+IFERROR(INDEX(Jul!AL$6:AL$31,MATCH($A25,Jul!$A$6:$A$31,0)),0) -> 0 | L25: =IF(K25>0, 5-K25, "") | M25: =IFERROR(INDEX(Aug!AM$6:AM$31,MATCH($A25,Aug!$A$6:$A$31,0)),0)+IFERROR(INDEX(Sep!AM$6:AM$31,MATCH($A25,Sep!$A$6:$A$31,0)),0)+IFERROR(INDEX(Oct!AM$6:AM$31,MATCH($A25,Oct!$A$6:$A$31,0)),0)+IFERROR(INDEX(Nov!AM$6:AM$31,MATCH($A25,Nov!$A$6:$A$31,0)),0)+IFERROR(INDEX(Dec!AM$6:AM$31,MATCH($A25,Dec!$A$6:$A$31,0)),0)+IFERROR(INDEX(Jan!AM$6:AM$32,MATCH($A25,Jan!$A$6:$A$32,0)),0)+IFERROR(INDEX(Feb!AM$6:AM$28,MATCH($A25,Feb!$A$6:$A$28,0)),0)+IFERROR(INDEX(Mar!AM$6:AM$31,MATCH($A25,Mar!$A$6:$A$31,0)),0)+IFERROR(INDEX(Apr!AM$6:AM$31,MATCH($A25,Apr!$A$6:$A$31,0)),0)+IFERROR(INDEX(May!AM$6:AM$31,MATCH($A25,May!$A$6:$A$31,0)),0)+IFERROR(INDEX(Jun!AM$6:AM$31,MATCH($A25,Jun!$A$6:$A$31,0)),0)+IFERROR(INDEX(Jul!AM$6:AM$31,MATCH($A25,Jul!$A$6:$A$31,0)),0) -> 0 | N25: =IF(M25>0, 5-M25, "") | O25: =IFERROR(INDEX(Aug!AN$6:AN$31,MATCH($A25,Aug!$A$6:$A$31,0)),0)+IFERROR(INDEX(Sep!AN$6:AN$31,MATCH($A25,Sep!$A$6:$A$31,0)),0)+IFERROR(INDEX(Oct!AN$6:AN$31,MATCH($A25,Oct!$A$6:$A$31,0)),0)+IFERROR(INDEX(Nov!AN$6:AN$31,MATCH($A25,Nov!$A$6:$A$31,0)),0)+IFERROR(INDEX(Dec!AN$6:AN$31,MATCH($A25,Dec!$A$6:$A$31,0)),0)+IFERROR(INDEX(Jan!AN$6:AN$32,MATCH($A25,Jan!$A$6:$A$32,0)),0)+IFERROR(INDEX(Feb!AN$6:AN$28,MATCH($A25,Feb!$A$6:$A$28,0)),0)+IFERROR(INDEX(Mar!AN$6:AN$31,MATCH($A25,Mar!$A$6:$A$31,0)),0)+IFERROR(INDEX(Apr!AN$6:AN$31,MATCH($A25,Apr!$A$6:$A$31,0)),0)+IFERROR(INDEX(May!AN$6:AN$31,MATCH($A25,May!$A$6:$A$31,0)),0)+IFERROR(INDEX(Jun!AN$6:AN$31,MATCH($A25,Jun!$A$6:$A$31,0)),0)+IFERROR(INDEX(Jul!AN$6:AN$31,MATCH($A25,Jul!$A$6:$A$31,0)),0) -> 0 | P25: =IF(O25>0, 5-O25, "") | Q25: =IFERROR(INDEX(Aug!AO$6:AO$31,MATCH($A25,Aug!$A$6:$A$31,0)),0)+IFERROR(INDEX(Sep!AO$6:AO$31,MATCH($A25,Sep!$A$6:$A$31,0)),0)+IFERROR(INDEX(Oct!AO$6:AO$31,MATCH($A25,Oct!$A$6:$A$31,0)),0)+IFERROR(INDEX(Nov!AO$6:AO$31,MATCH($A25,Nov!$A$6:$A$31,0)),0)+IFERROR(INDEX(Dec!AO$6:AO$31,MATCH($A25,Dec!$A$6:$A$31,0)),0)+IFERROR(INDEX(Jan!AO$6:AO$32,MATCH($A25,Jan!$A$6:$A$32,0)),0)+IFERROR(INDEX(Feb!AO$6:AO$28,MATCH($A25,Feb!$A$6:$A$28,0)),0)+IFERROR(INDEX(Mar!AO$6:AO$31,MATCH($A25,Mar!$A$6:$A$31,0)),0)+IFERROR(INDEX(Apr!AO$6:AO$31,MATCH($A25,Apr!$A$6:$A$31,0)),0)+IFERROR(INDEX(May!AO$6:AO$31,MATCH($A25,May!$A$6:$A$31,0)),0)+IFERROR(INDEX(Jun!AO$6:AO$31,MATCH($A25,Jun!$A$6:$A$31,0)),0)+IFERROR(INDEX(Jul!AO$6:AO$31,MATCH($A25,Jul!$A$6:$A$31,0)),0) -> 0 | R25: =IF(Q25>0, 7-Q25, "") | S25: =C25+E25+G25+I25+K25+M25+O25+Q25 -> 0
A26: 23 | C26: =IFERROR(INDEX(Aug!AH$6:AH$31,MATCH($A26,Aug!$A$6:$A$31,0)),0)+IFERROR(INDEX(Sep!AH$6:AH$31,MATCH($A26,Sep!$A$6:$A$31,0)),0)+IFERROR(INDEX(Oct!AH$6:AH$31,MATCH($A26,Oct!$A$6:$A$31,0)),0)+IFERROR(INDEX(Nov!AH$6:AH$31,MATCH($A26,Nov!$A$6:$A$31,0)),0)+IFERROR(INDEX(Dec!AH$6:AH$31,MATCH($A26,Dec!$A$6:$A$31,0)),0)+IFERROR(INDEX(Jan!AH$6:AH$32,MATCH($A26,Jan!$A$6:$A$32,0)),0)+IFERROR(INDEX(Feb!AH$6:AH$28,MATCH($A26,Feb!$A$6:$A$28,0)),0)+IFERROR(INDEX(Mar!AH$6:AH$31,MATCH($A26,Mar!$A$6:$A$31,0)),0)+IFERROR(INDEX(Apr!AH$6:AH$31,MATCH($A26,Apr!$A$6:$A$31,0)),0)+IFERROR(INDEX(May!AH$6:AH$31,MATCH($A26,May!$A$6:$A$31,0)),0)+IFERROR(INDEX(Jun!AH$6:AH$31,MATCH($A26,Jun!$A$6:$A$31,0)),0)+IFERROR(INDEX(Jul!AH$6:AH$31,MATCH($A26,Jul!$A$6:$A$31,0)),0) -> 0 | D26: =IF(C26>0, 21-C26, "") | E26: =IFERROR(INDEX(Aug!AI$6:AI$31,MATCH($A26,Aug!$A$6:$A$31,0)),0)+IFERROR(INDEX(Sep!AI$6:AI$31,MATCH($A26,Sep!$A$6:$A$31,0)),0)+IFERROR(INDEX(Oct!AI$6:AI$31,MATCH($A26,Oct!$A$6:$A$31,0)),0)+IFERROR(INDEX(Nov!AI$6:AI$31,MATCH($A26,Nov!$A$6:$A$31,0)),0)+IFERROR(INDEX(Dec!AI$6:AI$31,MATCH($A26,Dec!$A$6:$A$31,0)),0)+IFERROR(INDEX(Jan!AI$6:AI$32,MATCH($A26,Jan!$A$6:$A$32,0)),0)+IFERROR(INDEX(Feb!AI$6:AI$28,MATCH($A26,Feb!$A$6:$A$28,0)),0)+IFERROR(INDEX(Mar!AI$6:AI$31,MATCH($A26,Mar!$A$6:$A$31,0)),0)+IFERROR(INDEX(Apr!AI$6:AI$31,MATCH($A26,Apr!$A$6:$A$31,0)),0)+IFERROR(INDEX(May!AI$6:AI$31,MATCH($A26,May!$A$6:$A$31,0)),0)+IFERROR(INDEX(Jun!AI$6:AI$31,MATCH($A26,Jun!$A$6:$A$31,0)),0)+IFERROR(INDEX(Jul!AI$6:AI$31,MATCH($A26,Jul!$A$6:$A$31,0)),0) -> 0 | F26: =IF(E26>0, 15-E26, "") | G26: =IFERROR(INDEX(Aug!AJ$6:AJ$31,MATCH($A26,Aug!$A$6:$A$31,0)),0)+IFERROR(INDEX(Sep!AJ$6:AJ$31,MATCH($A26,Sep!$A$6:$A$31,0)),0)+IFERROR(INDEX(Oct!AJ$6:AJ$31,MATCH($A26,Oct!$A$6:$A$31,0)),0)+IFERROR(INDEX(Nov!AJ$6:AJ$31,MATCH($A26,Nov!$A$6:$A$31,0)),0)+IFERROR(INDEX(Dec!AJ$6:AJ$31,MATCH($A26,Dec!$A$6:$A$31,0)),0)+IFERROR(INDEX(Jan!AJ$6:AJ$32,MATCH($A26,Jan!$A$6:$A$32,0)),0)+IFERROR(INDEX(Feb!AJ$6:AJ$28,MATCH($A26,Feb!$A$6:$A$28,0)),0)+IFERROR(INDEX(Mar!AJ$6:AJ$31,MATCH($A26,Mar!$A$6:$A$31,0)),0)+IFERROR(INDEX(Apr!AJ$6:AJ$31,MATCH($A26,Apr!$A$6:$A$31,0)),0)+IFERROR(INDEX(May!AJ$6:AJ$31,MATCH($A26,May!$A$6:$A$31,0)),0)+IFERROR(INDEX(Jun!AJ$6:AJ$31,MATCH($A26,Jun!$A$6:$A$31,0)),0)+IFERROR(INDEX(Jul!AJ$6:AJ$31,MATCH($A26,Jul!$A$6:$A$31,0)),0) -> 0 | H26: =IF(G26>0, 80-G26, "") | I26: =IFERROR(INDEX(Aug!AK$6:AK$31,MATCH($A26,Aug!$A$6:$A$31,0)),0)+IFERROR(INDEX(Sep!AK$6:AK$31,MATCH($A26,Sep!$A$6:$A$31,0)),0)+IFERROR(INDEX(Oct!AK$6:AK$31,MATCH($A26,Oct!$A$6:$A$31,0)),0)+IFERROR(INDEX(Nov!AK$6:AK$31,MATCH($A26,Nov!$A$6:$A$31,0)),0)+IFERROR(INDEX(Dec!AK$6:AK$31,MATCH($A26,Dec!$A$6:$A$31,0)),0)+IFERROR(INDEX(Jan!AK$6:AK$32,MATCH($A26,Jan!$A$6:$A$32,0)),0)+IFERROR(INDEX(Feb!AK$6:AK$28,MATCH($A26,Feb!$A$6:$A$28,0)),0)+IFERROR(INDEX(Mar!AK$6:AK$31,MATCH($A26,Mar!$A$6:$A$31,0)),0)+IFERROR(INDEX(Apr!AK$6:AK$31,MATCH($A26,Apr!$A$6:$A$31,0)),0)+IFERROR(INDEX(May!AK$6:AK$31,MATCH($A26,May!$A$6:$A$31,0)),0)+IFERROR(INDEX(Jun!AK$6:AK$31,MATCH($A26,Jun!$A$6:$A$31,0)),0)+IFERROR(INDEX(Jul!AK$6:AK$31,MATCH($A26,Jul!$A$6:$A$31,0)),0) -> 0 | J26: =IF(I26>0, 5-I26, "") | K26: =IFERROR(INDEX(Aug!AL$6:AL$31,MATCH($A26,Aug!$A$6:$A$31,0)),0)+IFERROR(INDEX(Sep!AL$6:AL$31,MATCH($A26,Sep!$A$6:$A$31,0)),0)+IFERROR(INDEX(Oct!AL$6:AL$31,MATCH($A26,Oct!$A$6:$A$31,0)),0)+IFERROR(INDEX(Nov!AL$6:AL$31,MATCH($A26,Nov!$A$6:$A$31,0)),0)+IFERROR(INDEX(Dec!AL$6:AL$31,MATCH($A26,Dec!$A$6:$A$31,0)),0)+IFERROR(INDEX(Jan!AL$6:AL$32,MATCH($A26,Jan!$A$6:$A$32,0)),0)+IFERROR(INDEX(Feb!AL$6:AL$28,MATCH($A26,Feb!$A$6:$A$28,0)),0)+IFERROR(INDEX(Mar!AL$6:AL$31,MATCH($A26,Mar!$A$6:$A$31,0)),0)+IFERROR(INDEX(Apr!AL$6:AL$31,MATCH($A26,Apr!$A$6:$A$31,0)),0)+IFERROR(INDEX(May!AL$6:AL$31,MATCH($A26,May!$A$6:$A$31,0)),0)+IFERROR(INDEX(Jun!AL$6:AL$31,MATCH($A26,Jun!$A$6:$A$31,0)),0)+IFERROR(INDEX(Jul!AL$6:AL$31,MATCH($A26,Jul!$A$6:$A$31,0)),0) -> 0 | L26: =IF(K26>0, 5-K26, "") | M26: =IFERROR(INDEX(Aug!AM$6:AM$31,MATCH($A26,Aug!$A$6:$A$31,0)),0)+IFERROR(INDEX(Sep!AM$6:AM$31,MATCH($A26,Sep!$A$6:$A$31,0)),0)+IFERROR(INDEX(Oct!AM$6:AM$31,MATCH($A26,Oct!$A$6:$A$31,0)),0)+IFERROR(INDEX(Nov!AM$6:AM$31,MATCH($A26,Nov!$A$6:$A$31,0)),0)+IFERROR(INDEX(Dec!AM$6:AM$31,MATCH($A26,Dec!$A$6:$A$31,0)),0)+IFERROR(INDEX(Jan!AM$6:AM$32,MATCH($A26,Jan!$A$6:$A$32,0)),0)+IFERROR(INDEX(Feb!AM$6:AM$28,MATCH($A26,Feb!$A$6:$A$28,0)),0)+IFERROR(INDEX(Mar!AM$6:AM$31,MATCH($A26,Mar!$A$6:$A$31,0)),0)+IFERROR(INDEX(Apr!AM$6:AM$31,MATCH($A26,Apr!$A$6:$A$31,0)),0)+IFERROR(INDEX(May!AM$6:AM$31,MATCH($A26,May!$A$6:$A$31,0)),0)+IFERROR(INDEX(Jun!AM$6:AM$31,MATCH($A26,Jun!$A$6:$A$31,0)),0)+IFERROR(INDEX(Jul!AM$6:AM$31,MATCH($A26,Jul!$A$6:$A$31,0)),0) -> 0 | N26: =IF(M26>0, 5-M26, "") | O26: =IFERROR(INDEX(Aug!AN$6:AN$31,MATCH($A26,Aug!$A$6:$A$31,0)),0)+IFERROR(INDEX(Sep!AN$6:AN$31,MATCH($A26,Sep!$A$6:$A$31,0)),0)+IFERROR(INDEX(Oct!AN$6:AN$31,MATCH($A26,Oct!$A$6:$A$31,0)),0)+IFERROR(INDEX(Nov!AN$6:AN$31,MATCH($A26,Nov!$A$6:$A$31,0)),0)+IFERROR(INDEX(Dec!AN$6:AN$31,MATCH($A26,Dec!$A$6:$A$31,0)),0)+IFERROR(INDEX(Jan!AN$6:AN$32,MATCH($A26,Jan!$A$6:$A$32,0)),0)+IFERROR(INDEX(Feb!AN$6:AN$28,MATCH($A26,Feb!$A$6:$A$28,0)),0)+IFERROR(INDEX(Mar!AN$6:AN$31,MATCH($A26,Mar!$A$6:$A$31,0)),0)+IFERROR(INDEX(Apr!AN$6:AN$31,MATCH($A26,Apr!$A$6:$A$31,0)),0)+IFERROR(INDEX(May!AN$6:AN$31,MATCH($A26,May!$A$6:$A$31,0)),0)+IFERROR(INDEX(Jun!AN$6:AN$31,MATCH($A26,Jun!$A$6:$A$31,0)),0)+IFERROR(INDEX(Jul!AN$6:AN$31,MATCH($A26,Jul!$A$6:$A$31,0)),0) -> 0 | P26: =IF(O26>0, 5-O26, "") | Q26: =IFERROR(INDEX(Aug!AO$6:AO$31,MATCH($A26,Aug!$A$6:$A$31,0)),0)+IFERROR(INDEX(Sep!AO$6:AO$31,MATCH($A26,Sep!$A$6:$A$31,0)),0)+IFERROR(INDEX(Oct!AO$6:AO$31,MATCH($A26,Oct!$A$6:$A$31,0)),0)+IFERROR(INDEX(Nov!AO$6:AO$31,MATCH($A26,Nov!$A$6:$A$31,0)),0)+IFERROR(INDEX(Dec!AO$6:AO$31,MATCH($A26,Dec!$A$6:$A$31,0)),0)+IFERROR(INDEX(Jan!AO$6:AO$32,MATCH($A26,Jan!$A$6:$A$32,0)),0)+IFERROR(INDEX(Feb!AO$6:AO$28,MATCH($A26,Feb!$A$6:$A$28,0)),0)+IFERROR(INDEX(Mar!AO$6:AO$31,MATCH($A26,Mar!$A$6:$A$31,0)),0)+IFERROR(INDEX(Apr!AO$6:AO$31,MATCH($A26,Apr!$A$6:$A$31,0)),0)+IFERROR(INDEX(May!AO$6:AO$31,MATCH($A26,May!$A$6:$A$31,0)),0)+IFERROR(INDEX(Jun!AO$6:AO$31,MATCH($A26,Jun!$A$6:$A$31,0)),0)+IFERROR(INDEX(Jul!AO$6:AO$31,MATCH($A26,Jul!$A$6:$A$31,0)),0) -> 0 | R26: =IF(Q26>0, 7-Q26, "") | S26: =C26+E26+G26+I26+K26+M26+O26+Q26 -> 0
A27: 24 | C27: =IFERROR(INDEX(Aug!AH$6:AH$31,MATCH($A27,Aug!$A$6:$A$31,0)),0)+IFERROR(INDEX(Sep!AH$6:AH$31,MATCH($A27,Sep!$A$6:$A$31,0)),0)+IFERROR(INDEX(Oct!AH$6:AH$31,MATCH($A27,Oct!$A$6:$A$31,0)),0)+IFERROR(INDEX(Nov!AH$6:AH$31,MATCH($A27,Nov!$A$6:$A$31,0)),0)+IFERROR(INDEX(Dec!AH$6:AH$31,MATCH($A27,Dec!$A$6:$A$31,0)),0)+IFERROR(INDEX(Jan!AH$6:AH$32,MATCH($A27,Jan!$A$6:$A$32,0)),0)+IFERROR(INDEX(Feb!AH$6:AH$28,MATCH($A27,Feb!$A$6:$A$28,0)),0)+IFERROR(INDEX(Mar!AH$6:AH$31,MATCH($A27,Mar!$A$6:$A$31,0)),0)+IFERROR(INDEX(Apr!AH$6:AH$31,MATCH($A27,Apr!$A$6:$A$31,0)),0)+IFERROR(INDEX(May!AH$6:AH$31,MATCH($A27,May!$A$6:$A$31,0)),0)+IFERROR(INDEX(Jun!AH$6:AH$31,MATCH($A27,Jun!$A$6:$A$31,0)),0)+IFERROR(INDEX(Jul!AH$6:AH$31,MATCH($A27,Jul!$A$6:$A$31,0)),0) -> 0 | D27: =IF(C27>0, 21-C27, "") | E27: =IFERROR(INDEX(Aug!AI$6:AI$31,MATCH($A27,Aug!$A$6:$A$31,0)),0)+IFERROR(INDEX(Sep!AI$6:AI$31,MATCH($A27,Sep!$A$6:$A$31,0)),0)+IFERROR(INDEX(Oct!AI$6:AI$31,MATCH($A27,Oct!$A$6:$A$31,0)),0)+IFERROR(INDEX(Nov!AI$6:AI$31,MATCH($A27,Nov!$A$6:$A$31,0)),0)+IFERROR(INDEX(Dec!AI$6:AI$31,MATCH($A27,Dec!$A$6:$A$31,0)),0)+IFERROR(INDEX(Jan!AI$6:AI$32,MATCH($A27,Jan!$A$6:$A$32,0)),0)+IFERROR(INDEX(Feb!AI$6:AI$28,MATCH($A27,Feb!$A$6:$A$28,0)),0)+IFERROR(INDEX(Mar!AI$6:AI$31,MATCH($A27,Mar!$A$6:$A$31,0)),0)+IFERROR(INDEX(Apr!AI$6:AI$31,MATCH($A27,Apr!$A$6:$A$31,0)),0)+IFERROR(INDEX(May!AI$6:AI$31,MATCH($A27,May!$A$6:$A$31,0)),0)+IFERROR(INDEX(Jun!AI$6:AI$31,MATCH($A27,Jun!$A$6:$A$31,0)),0)+IFERROR(INDEX(Jul!AI$6:AI$31,MATCH($A27,Jul!$A$6:$A$31,0)),0) -> 0 | F27: =IF(E27>0, 15-E27, "") | G27: =IFERROR(INDEX(Aug!AJ$6:AJ$31,MATCH($A27,Aug!$A$6:$A$31,0)),0)+IFERROR(INDEX(Sep!AJ$6:AJ$31,MATCH($A27,Sep!$A$6:$A$31,0)),0)+IFERROR(INDEX(Oct!AJ$6:AJ$31,MATCH($A27,Oct!$A$6:$A$31,0)),0)+IFERROR(INDEX(Nov!AJ$6:AJ$31,MATCH($A27,Nov!$A$6:$A$31,0)),0)+IFERROR(INDEX(Dec!AJ$6:AJ$31,MATCH($A27,Dec!$A$6:$A$31,0)),0)+IFERROR(INDEX(Jan!AJ$6:AJ$32,MATCH($A27,Jan!$A$6:$A$32,0)),0)+IFERROR(INDEX(Feb!AJ$6:AJ$28,MATCH($A27,Feb!$A$6:$A$28,0)),0)+IFERROR(INDEX(Mar!AJ$6:AJ$31,MATCH($A27,Mar!$A$6:$A$31,0)),0)+IFERROR(INDEX(Apr!AJ$6:AJ$31,MATCH($A27,Apr!$A$6:$A$31,0)),0)+IFERROR(INDEX(May!AJ$6:AJ$31,MATCH($A27,May!$A$6:$A$31,0)),0)+IFERROR(INDEX(Jun!AJ$6:AJ$31,MATCH($A27,Jun!$A$6:$A$31,0)),0)+IFERROR(INDEX(Jul!AJ$6:AJ$31,MATCH($A27,Jul!$A$6:$A$31,0)),0) -> 0 | H27: =IF(G27>0, 80-G27, "") | I27: =IFERROR(INDEX(Aug!AK$6:AK$31,MATCH($A27,Aug!$A$6:$A$31,0)),0)+IFERROR(INDEX(Sep!AK$6:AK$31,MATCH($A27,Sep!$A$6:$A$31,0)),0)+IFERROR(INDEX(Oct!AK$6:AK$31,MATCH($A27,Oct!$A$6:$A$31,0)),0)+IFERROR(INDEX(Nov!AK$6:AK$31,MATCH($A27,Nov!$A$6:$A$31,0)),0)+IFERROR(INDEX(Dec!AK$6:AK$31,MATCH($A27,Dec!$A$6:$A$31,0)),0)+IFERROR(INDEX(Jan!AK$6:AK$32,MATCH($A27,Jan!$A$6:$A$32,0)),0)+IFERROR(INDEX(Feb!AK$6:AK$28,MATCH($A27,Feb!$A$6:$A$28,0)),0)+IFERROR(INDEX(Mar!AK$6:AK$31,MATCH($A27,Mar!$A$6:$A$31,0)),0)+IFERROR(INDEX(Apr!AK$6:AK$31,MATCH($A27,Apr!$A$6:$A$31,0)),0)+IFERROR(INDEX(May!AK$6:AK$31,MATCH($A27,May!$A$6:$A$31,0)),0)+IFERROR(INDEX(Jun!AK$6:AK$31,MATCH($A27,Jun!$A$6:$A$31,0)),0)+IFERROR(INDEX(Jul!AK$6:AK$31,MATCH($A27,Jul!$A$6:$A$31,0)),0) -> 0 | J27: =IF(I27>0, 5-I27, "") | K27: =IFERROR(INDEX(Aug!AL$6:AL$31,MATCH($A27,Aug!$A$6:$A$31,0)),0)+IFERROR(INDEX(Sep!AL$6:AL$31,MATCH($A27,Sep!$A$6:$A$31,0)),0)+IFERROR(INDEX(Oct!AL$6:AL$31,MATCH($A27,Oct!$A$6:$A$31,0)),0)+IFERROR(INDEX(Nov!AL$6:AL$31,MATCH($A27,Nov!$A$6:$A$31,0)),0)+IFERROR(INDEX(Dec!AL$6:AL$31,MATCH($A27,Dec!$A$6:$A$31,0)),0)+IFERROR(INDEX(Jan!AL$6:AL$32,MATCH($A27,Jan!$A$6:$A$32,0)),0)+IFERROR(INDEX(Feb!AL$6:AL$28,MATCH($A27,Feb!$A$6:$A$28,0)),0)+IFERROR(INDEX(Mar!AL$6:AL$31,MATCH($A27,Mar!$A$6:$A$31,0)),0)+IFERROR(INDEX(Apr!AL$6:AL$31,MATCH($A27,Apr!$A$6:$A$31,0)),0)+IFERROR(INDEX(May!AL$6:AL$31,MATCH($A27,May!$A$6:$A$31,0)),0)+IFERROR(INDEX(Jun!AL$6:AL$31,MATCH($A27,Jun!$A$6:$A$31,0)),0)+IFERROR(INDEX(Jul!AL$6:AL$31,MATCH($A27,Jul!$A$6:$A$31,0)),0) -> 0 | L27: =IF(K27>0, 5-K27, "") | M27: =IFERROR(INDEX(Aug!AM$6:AM$31,MATCH($A27,Aug!$A$6:$A$31,0)),0)+IFERROR(INDEX(Sep!AM$6:AM$31,MATCH($A27,Sep!$A$6:$A$31,0)),0)+IFERROR(INDEX(Oct!AM$6:AM$31,MATCH($A27,Oct!$A$6:$A$31,0)),0)+IFERROR(INDEX(Nov!AM$6:AM$31,MATCH($A27,Nov!$A$6:$A$31,0)),0)+IFERROR(INDEX(Dec!AM$6:AM$31,MATCH($A27,Dec!$A$6:$A$31,0)),0)+IFERROR(INDEX(Jan!AM$6:AM$32,MATCH($A27,Jan!$A$6:$A$32,0)),0)+IFERROR(INDEX(Feb!AM$6:AM$28,MATCH($A27,Feb!$A$6:$A$28,0)),0)+IFERROR(INDEX(Mar!AM$6:AM$31,MATCH($A27,Mar!$A$6:$A$31,0)),0)+IFERROR(INDEX(Apr!AM$6:AM$31,MATCH($A27,Apr!$A$6:$A$31,0)),0)+IFERROR(INDEX(May!AM$6:AM$31,MATCH($A27,May!$A$6:$A$31,0)),0)+IFERROR(INDEX(Jun!AM$6:AM$31,MATCH($A27,Jun!$A$6:$A$31,0)),0)+IFERROR(INDEX(Jul!AM$6:AM$31,MATCH($A27,Jul!$A$6:$A$31,0)),0) -> 0 | N27: =IF(M27>0, 5-M27, "") | O27: =IFERROR(INDEX(Aug!AN$6:AN$31,MATCH($A27,Aug!$A$6:$A$31,0)),0)+IFERROR(INDEX(Sep!AN$6:AN$31,MATCH($A27,Sep!$A$6:$A$31,0)),0)+IFERROR(INDEX(Oct!AN$6:AN$31,MATCH($A27,Oct!$A$6:$A$31,0)),0)+IFERROR(INDEX(Nov!AN$6:AN$31,MATCH($A27,Nov!$A$6:$A$31,0)),0)+IFERROR(INDEX(Dec!AN$6:AN$31,MATCH($A27,Dec!$A$6:$A$31,0)),0)+IFERROR(INDEX(Jan!AN$6:AN$32,MATCH($A27,Jan!$A$6:$A$32,0)),0)+IFERROR(INDEX(Feb!AN$6:AN$28,MATCH($A27,Feb!$A$6:$A$28,0)),0)+IFERROR(INDEX(Mar!AN$6:AN$31,MATCH($A27,Mar!$A$6:$A$31,0)),0)+IFERROR(INDEX(Apr!AN$6:AN$31,MATCH($A27,Apr!$A$6:$A$31,0)),0)+IFERROR(INDEX(May!AN$6:AN$31,MATCH($A27,May!$A$6:$A$31,0)),0)+IFERROR(INDEX(Jun!AN$6:AN$31,MATCH($A27,Jun!$A$6:$A$31,0)),0)+IFERROR(INDEX(Jul!AN$6:AN$31,MATCH($A27,Jul!$A$6:$A$31,0)),0) -> 0 | P27: =IF(O27>0, 5-O27, "") | Q27: =IFERROR(INDEX(Aug!AO$6:AO$31,MATCH($A27,Aug!$A$6:$A$31,0)),0)+IFERROR(INDEX(Sep!AO$6:AO$31,MATCH($A27,Sep!$A$6:$A$31,0)),0)+IFERROR(INDEX(Oct!AO$6:AO$31,MATCH($A27,Oct!$A$6:$A$31,0)),0)+IFERROR(INDEX(Nov!AO$6:AO$31,MATCH($A27,Nov!$A$6:$A$31,0)),0)+IFERROR(INDEX(Dec!AO$6:AO$31,MATCH($A27,Dec!$A$6:$A$31,0)),0)+IFERROR(INDEX(Jan!AO$6:AO$32,MATCH($A27,Jan!$A$6:$A$32,0)),0)+IFERROR(INDEX(Feb!AO$6:AO$28,MATCH($A27,Feb!$A$6:$A$28,0)),0)+IFERROR(INDEX(Mar!AO$6:AO$31,MATCH($A27,Mar!$A$6:$A$31,0)),0)+IFERROR(INDEX(Apr!AO$6:AO$31,MATCH($A27,Apr!$A$6:$A$31,0)),0)+IFERROR(INDEX(May!AO$6:AO$31,MATCH($A27,May!$A$6:$A$31,0)),0)+IFERROR(INDEX(Jun!AO$6:AO$31,MATCH($A27,Jun!$A$6:$A$31,0)),0)+IFERROR(INDEX(Jul!AO$6:AO$31,MATCH($A27,Jul!$A$6:$A$31,0)),0) -> 0 | R27: =IF(Q27>0, 7-Q27, "") | S27: =C27+E27+G27+I27+K27+M27+O27+Q27 -> 0
A28: 25 | C28: =IFERROR(INDEX(Aug!AH$6:AH$31,MATCH($A28,Aug!$A$6:$A$31,0)),0)+IFERROR(INDEX(Sep!AH$6:AH$31,MATCH($A28,Sep!$A$6:$A$31,0)),0)+IFERROR(INDEX(Oct!AH$6:AH$31,MATCH($A28,Oct!$A$6:$A$31,0)),0)+IFERROR(INDEX(Nov!AH$6:AH$31,MATCH($A28,Nov!$A$6:$A$31,0)),0)+IFERROR(INDEX(Dec!AH$6:AH$31,MATCH($A28,Dec!$A$6:$A$31,0)),0)+IFERROR(INDEX(Jan!AH$6:AH$32,MATCH($A28,Jan!$A$6:$A$32,0)),0)+IFERROR(INDEX(Feb!AH$6:AH$28,MATCH($A28,Feb!$A$6:$A$28,0)),0)+IFERROR(INDEX(Mar!AH$6:AH$31,MATCH($A28,Mar!$A$6:$A$31,0)),0)+IFERROR(INDEX(Apr!AH$6:AH$31,MATCH($A28,Apr!$A$6:$A$31,0)),0)+IFERROR(INDEX(May!AH$6:AH$31,MATCH($A28,May!$A$6:$A$31,0)),0)+IFERROR(INDEX(Jun!AH$6:AH$31,MATCH($A28,Jun!$A$6:$A$31,0)),0)+IFERROR(INDEX(Jul!AH$6:AH$31,MATCH($A28,Jul!$A$6:$A$31,0)),0) -> 0 | D28: =IF(C28>0, 21-C28, "") | E28: =IFERROR(INDEX(Aug!AI$6:AI$31,MATCH($A28,Aug!$A$6:$A$31,0)),0)+IFERROR(INDEX(Sep!AI$6:AI$31,MATCH($A28,Sep!$A$6:$A$31,0)),0)+IFERROR(INDEX(Oct!AI$6:AI$31,MATCH($A28,Oct!$A$6:$A$31,0)),0)+IFERROR(INDEX(Nov!AI$6:AI$31,MATCH($A28,Nov!$A$6:$A$31,0)),0)+IFERROR(INDEX(Dec!AI$6:AI$31,MATCH($A28,Dec!$A$6:$A$31,0)),0)+IFERROR(INDEX(Jan!AI$6:AI$32,MATCH($A28,Jan!$A$6:$A$32,0)),0)+IFERROR(INDEX(Feb!AI$6:AI$28,MATCH($A28,Feb!$A$6:$A$28,0)),0)+IFERROR(INDEX(Mar!AI$6:AI$31,MATCH($A28,Mar!$A$6:$A$31,0)),0)+IFERROR(INDEX(Apr!AI$6:AI$31,MATCH($A28,Apr!$A$6:$A$31,0)),0)+IFERROR(INDEX(May!AI$6:AI$31,MATCH($A28,May!$A$6:$A$31,0)),0)+IFERROR(INDEX(Jun!AI$6:AI$31,MATCH($A28,Jun!$A$6:$A$31,0)),0)+IFERROR(INDEX(Jul!AI$6:AI$31,MATCH($A28,Jul!$A$6:$A$31,0)),0) -> 0 | F28: =IF(E28>0, 15-E28, "") | G28: =IFERROR(INDEX(Aug!AJ$6:AJ$31,MATCH($A28,Aug!$A$6:$A$31,0)),0)+IFERROR(INDEX(Sep!AJ$6:AJ$31,MATCH($A28,Sep!$A$6:$A$31,0)),0)+IFERROR(INDEX(Oct!AJ$6:AJ$31,MATCH($A28,Oct!$A$6:$A$31,0)),0)+IFERROR(INDEX(Nov!AJ$6:AJ$31,MATCH($A28,Nov!$A$6:$A$31,0)),0)+IFERROR(INDEX(Dec!AJ$6:AJ$31,MATCH($A28,Dec!$A$6:$A$31,0)),0)+IFERROR(INDEX(Jan!AJ$6:AJ$32,MATCH($A28,Jan!$A$6:$A$32,0)),0)+IFERROR(INDEX(Feb!AJ$6:AJ$28,MATCH($A28,Feb!$A$6:$A$28,0)),0)+IFERROR(INDEX(Mar!AJ$6:AJ$31,MATCH($A28,Mar!$A$6:$A$31,0)),0)+IFERROR(INDEX(Apr!AJ$6:AJ$31,MATCH($A28,Apr!$A$6:$A$31,0)),0)+IFERROR(INDEX(May!AJ$6:AJ$31,MATCH($A28,May!$A$6:$A$31,0)),0)+IFERROR(INDEX(Jun!AJ$6:AJ$31,MATCH($A28,Jun!$A$6:$A$31,0)),0)+IFERROR(INDEX(Jul!AJ$6:AJ$31,MATCH($A28,Jul!$A$6:$A$31,0)),0) -> 0 | H28: =IF(G28>0, 80-G28, "") | I28: =IFERROR(INDEX(Aug!AK$6:AK$31,MATCH($A28,Aug!$A$6:$A$31,0)),0)+IFERROR(INDEX(Sep!AK$6:AK$31,MATCH($A28,Sep!$A$6:$A$31,0)),0)+IFERROR(INDEX(Oct!AK$6:AK$31,MATCH($A28,Oct!$A$6:$A$31,0)),0)+IFERROR(INDEX(Nov!AK$6:AK$31,MATCH($A28,Nov!$A$6:$A$31,0)),0)+IFERROR(INDEX(Dec!AK$6:AK$31,MATCH($A28,Dec!$A$6:$A$31,0)),0)+IFERROR(INDEX(Jan!AK$6:AK$32,MATCH($A28,Jan!$A$6:$A$32,0)),0)+IFERROR(INDEX(Feb!AK$6:AK$28,MATCH($A28,Feb!$A$6:$A$28,0)),0)+IFERROR(INDEX(Mar!AK$6:AK$31,MATCH($A28,Mar!$A$6:$A$31,0)),0)+IFERROR(INDEX(Apr!AK$6:AK$31,MATCH($A28,Apr!$A$6:$A$31,0)),0)+IFERROR(INDEX(May!AK$6:AK$31,MATCH($A28,May!$A$6:$A$31,0)),0)+IFERROR(INDEX(Jun!AK$6:AK$31,MATCH($A28,Jun!$A$6:$A$31,0)),0)+IFERROR(INDEX(Jul!AK$6:AK$31,MATCH($A28,Jul!$A$6:$A$31,0)),0) -> 0 | J28: =IF(I28>0, 5-I28, "") | K28: =IFERROR(INDEX(Aug!AL$6:AL$31,MATCH($A28,Aug!$A$6:$A$31,0)),0)+IFERROR(INDEX(Sep!AL$6:AL$31,MATCH($A28,Sep!$A$6:$A$31,0)),0)+IFERROR(INDEX(Oct!AL$6:AL$31,MATCH($A28,Oct!$A$6:$A$31,0)),0)+IFERROR(INDEX(Nov!AL$6:AL$31,MATCH($A28,Nov!$A$6:$A$31,0)),0)+IFERROR(INDEX(Dec!AL$6:AL$31,MATCH($A28,Dec!$A$6:$A$31,0)),0)+IFERROR(INDEX(Jan!AL$6:AL$32,MATCH($A28,Jan!$A$6:$A$32,0)),0)+IFERROR(INDEX(Feb!AL$6:AL$28,MATCH($A28,Feb!$A$6:$A$28,0)),0)+IFERROR(INDEX(Mar!AL$6:AL$31,MATCH($A28,Mar!$A$6:$A$31,0)),0)+IFERROR(INDEX(Apr!AL$6:AL$31,MATCH($A28,Apr!$A$6:$A$31,0)),0)+IFERROR(INDEX(May!AL$6:AL$31,MATCH($A28,May!$A$6:$A$31,0)),0)+IFERROR(INDEX(Jun!AL$6:AL$31,MATCH($A28,Jun!$A$6:$A$31,0)),0)+IFERROR(INDEX(Jul!AL$6:AL$31,MATCH($A28,Jul!$A$6:$A$31,0)),0) -> 0 | L28: =IF(K28>0, 5-K28, "") | M28: =IFERROR(INDEX(Aug!AM$6:AM$31,MATCH($A28,Aug!$A$6:$A$31,0)),0)+IFERROR(INDEX(Sep!AM$6:AM$31,MATCH($A28,Sep!$A$6:$A$31,0)),0)+IFERROR(INDEX(Oct!AM$6:AM$31,MATCH($A28,Oct!$A$6:$A$31,0)),0)+IFERROR(INDEX(Nov!AM$6:AM$31,MATCH($A28,Nov!$A$6:$A$31,0)),0)+IFERROR(INDEX(Dec!AM$6:AM$31,MATCH($A28,Dec!$A$6:$A$31,0)),0)+IFERROR(INDEX(Jan!AM$6:AM$32,MATCH($A28,Jan!$A$6:$A$32,0)),0)+IFERROR(INDEX(Feb!AM$6:AM$28,MATCH($A28,Feb!$A$6:$A$28,0)),0)+IFERROR(INDEX(Mar!AM$6:AM$31,MATCH($A28,Mar!$A$6:$A$31,0)),0)+IFERROR(INDEX(Apr!AM$6:AM$31,MATCH($A28,Apr!$A$6:$A$31,0)),0)+IFERROR(INDEX(May!AM$6:AM$31,MATCH($A28,May!$A$6:$A$31,0)),0)+IFERROR(INDEX(Jun!AM$6:AM$31,MATCH($A28,Jun!$A$6:$A$31,0)),0)+IFERROR(INDEX(Jul!AM$6:AM$31,MATCH($A28,Jul!$A$6:$A$31,0)),0) -> 0 | N28: =IF(M28>0, 5-M28, "") | O28: =IFERROR(INDEX(Aug!AN$6:AN$31,MATCH($A28,Aug!$A$6:$A$31,0)),0)+IFERROR(INDEX(Sep!AN$6:AN$31,MATCH($A28,Sep!$A$6:$A$31,0)),0)+IFERROR(INDEX(Oct!AN$6:AN$31,MATCH($A28,Oct!$A$6:$A$31,0)),0)+IFERROR(INDEX(Nov!AN$6:AN$31,MATCH($A28,Nov!$A$6:$A$31,0)),0)+IFERROR(INDEX(Dec!AN$6:AN$31,MATCH($A28,Dec!$A$6:$A$31,0)),0)+IFERROR(INDEX(Jan!AN$6:AN$32,MATCH($A28,Jan!$A$6:$A$32,0)),0)+IFERROR(INDEX(Feb!AN$6:AN$28,MATCH($A28,Feb!$A$6:$A$28,0)),0)+IFERROR(INDEX(Mar!AN$6:AN$31,MATCH($A28,Mar!$A$6:$A$31,0)),0)+IFERROR(INDEX(Apr!AN$6:AN$31,MATCH($A28,Apr!$A$6:$A$31,0)),0)+IFERROR(INDEX(May!AN$6:AN$31,MATCH($A28,May!$A$6:$A$31,0)),0)+IFERROR(INDEX(Jun!AN$6:AN$31,MATCH($A28,Jun!$A$6:$A$31,0)),0)+IFERROR(INDEX(Jul!AN$6:AN$31,MATCH($A28,Jul!$A$6:$A$31,0)),0) -> 0 | P28: =IF(O28>0, 5-O28, "") | Q28: =IFERROR(INDEX(Aug!AO$6:AO$31,MATCH($A28,Aug!$A$6:$A$31,0)),0)+IFERROR(INDEX(Sep!AO$6:AO$31,MATCH($A28,Sep!$A$6:$A$31,0)),0)+IFERROR(INDEX(Oct!AO$6:AO$31,MATCH($A28,Oct!$A$6:$A$31,0)),0)+IFERROR(INDEX(Nov!AO$6:AO$31,MATCH($A28,Nov!$A$6:$A$31,0)),0)+IFERROR(INDEX(Dec!AO$6:AO$31,MATCH($A28,Dec!$A$6:$A$31,0)),0)+IFERROR(INDEX(Jan!AO$6:AO$32,MATCH($A28,Jan!$A$6:$A$32,0)),0)+IFERROR(INDEX(Feb!AO$6:AO$28,MATCH($A28,Feb!$A$6:$A$28,0)),0)+IFERROR(INDEX(Mar!AO$6:AO$31,MATCH($A28,Mar!$A$6:$A$31,0)),0)+IFERROR(INDEX(Apr!AO$6:AO$31,MATCH($A28,Apr!$A$6:$A$31,0)),0)+IFERROR(INDEX(May!AO$6:AO$31,MATCH($A28,May!$A$6:$A$31,0)),0)+IFERROR(INDEX(Jun!AO$6:AO$31,MATCH($A28,Jun!$A$6:$A$31,0)),0)+IFERROR(INDEX(Jul!AO$6:AO$31,MATCH($A28,Jul!$A$6:$A$31,0)),0) -> 0 | R28: =IF(Q28>0, 7-Q28, "") | S28: =C28+E28+G28+I28+K28+M28+O28+Q28 -> 0
A29: 26 | C29: =IFERROR(INDEX(Aug!AH$6:AH$31,MATCH($A29,Aug!$A$6:$A$31,0)),0)+IFERROR(INDEX(Sep!AH$6:AH$31,MATCH($A29,Sep!$A$6:$A$31,0)),0)+IFERROR(INDEX(Oct!AH$6:AH$31,MATCH($A29,Oct!$A$6:$A$31,0)),0)+IFERROR(INDEX(Nov!AH$6:AH$31,MATCH($A29,Nov!$A$6:$A$31,0)),0)+IFERROR(INDEX(Dec!AH$6:AH$31,MATCH($A29,Dec!$A$6:$A$31,0)),0)+IFERROR(INDEX(Jan!AH$6:AH$32,MATCH($A29,Jan!$A$6:$A$32,0)),0)+IFERROR(INDEX(Feb!AH$6:AH$28,MATCH($A29,Feb!$A$6:$A$28,0)),0)+IFERROR(INDEX(Mar!AH$6:AH$31,MATCH($A29,Mar!$A$6:$A$31,0)),0)+IFERROR(INDEX(Apr!AH$6:AH$31,MATCH($A29,Apr!$A$6:$A$31,0)),0)+IFERROR(INDEX(May!AH$6:AH$31,MATCH($A29,May!$A$6:$A$31,0)),0)+IFERROR(INDEX(Jun!AH$6:AH$31,MATCH($A29,Jun!$A$6:$A$31,0)),0)+IFERROR(INDEX(Jul!AH$6:AH$31,MATCH($A29,Jul!$A$6:$A$31,0)),0) -> 0 | D29: =IF(C29>0, 21-C29, "") | E29: =IFERROR(INDEX(Aug!AI$6:AI$31,MATCH($A29,Aug!$A$6:$A$31,0)),0)+IFERROR(INDEX(Sep!AI$6:AI$31,MATCH($A29,Sep!$A$6:$A$31,0)),0)+IFERROR(INDEX(Oct!AI$6:AI$31,MATCH($A29,Oct!$A$6:$A$31,0)),0)+IFERROR(INDEX(Nov!AI$6:AI$31,MATCH($A29,Nov!$A$6:$A$31,0)),0)+IFERROR(INDEX(Dec!AI$6:AI$31,MATCH($A29,Dec!$A$6:$A$31,0)),0)+IFERROR(INDEX(Jan!AI$6:AI$32,MATCH($A29,Jan!$A$6:$A$32,0)),0)+IFERROR(INDEX(Feb!AI$6:AI$28,MATCH($A29,Feb!$A$6:$A$28,0)),0)+IFERROR(INDEX(Mar!AI$6:AI$31,MATCH($A29,Mar!$A$6:$A$31,0)),0)+IFERROR(INDEX(Apr!AI$6:AI$31,MATCH($A29,Apr!$A$6:$A$31,0)),0)+IFERROR(INDEX(May!AI$6:AI$31,MATCH($A29,May!$A$6:$A$31,0)),0)+IFERROR(INDEX(Jun!AI$6:AI$31,MATCH($A29,Jun!$A$6:$A$31,0)),0)+IFERROR(INDEX(Jul!AI$6:AI$31,MATCH($A29,Jul!$A$6:$A$31,0)),0) -> 0 | F29: =IF(E29>0, 15-E29, "") | G29: =IFERROR(INDEX(Aug!AJ$6:AJ$31,MATCH($A29,Aug!$A$6:$A$31,0)),0)+IFERROR(INDEX(Sep!AJ$6:AJ$31,MATCH($A29,Sep!$A$6:$A$31,0)),0)+IFERROR(INDEX(Oct!AJ$6:AJ$31,MATCH($A29,Oct!$A$6:$A$31,0)),0)+IFERROR(INDEX(Nov!AJ$6:AJ$31,MATCH($A29,Nov!$A$6:$A$31,0)),0)+IFERROR(INDEX(Dec!AJ$6:AJ$31,MATCH($A29,Dec!$A$6:$A$31,0)),0)+IFERROR(INDEX(Jan!AJ$6:AJ$32,MATCH($A29,Jan!$A$6:$A$32,0)),0)+IFERROR(INDEX(Feb!AJ$6:AJ$28,MATCH($A29,Feb!$A$6:$A$28,0)),0)+IFERROR(INDEX(Mar!AJ$6:AJ$31,MATCH($A29,Mar!$A$6:$A$31,0)),0)+IFERROR(INDEX(Apr!AJ$6:AJ$31,MATCH($A29,Apr!$A$6:$A$31,0)),0)+IFERROR(INDEX(May!AJ$6:AJ$31,MATCH($A29,May!$A$6:$A$31,0)),0)+IFERROR(INDEX(Jun!AJ$6:AJ$31,MATCH($A29,Jun!$A$6:$A$31,0)),0)+IFERROR(INDEX(Jul!AJ$6:AJ$31,MATCH($A29,Jul!$A$6:$A$31,0)),0) -> 0 | H29: =IF(G29>0, 80-G29, "") | I29: =IFERROR(INDEX(Aug!AK$6:AK$31,MATCH($A29,Aug!$A$6:$A$31,0)),0)+IFERROR(INDEX(Sep!AK$6:AK$31,MATCH($A29,Sep!$A$6:$A$31,0)),0)+IFERROR(INDEX(Oct!AK$6:AK$31,MATCH($A29,Oct!$A$6:$A$31,0)),0)+IFERROR(INDEX(Nov!AK$6:AK$31,MATCH($A29,Nov!$A$6:$A$31,0)),0)+IFERROR(INDEX(Dec!AK$6:AK$31,MATCH($A29,Dec!$A$6:$A$31,0)),0)+IFERROR(INDEX(Jan!AK$6:AK$32,MATCH($A29,Jan!$A$6:$A$32,0)),0)+IFERROR(INDEX(Feb!AK$6:AK$28,MATCH($A29,Feb!$A$6:$A$28,0)),0)+IFERROR(INDEX(Mar!AK$6:AK$31,MATCH($A29,Mar!$A$6:$A$31,0)),0)+IFERROR(INDEX(Apr!AK$6:AK$31,MATCH($A29,Apr!$A$6:$A$31,0)),0)+IFERROR(INDEX(May!AK$6:AK$31,MATCH($A29,May!$A$6:$A$31,0)),0)+IFERROR(INDEX(Jun!AK$6:AK$31,MATCH($A29,Jun!$A$6:$A$31,0)),0)+IFERROR(INDEX(Jul!AK$6:AK$31,MATCH($A29,Jul!$A$6:$A$31,0)),0) -> 0 | J29: =IF(I29>0, 5-I29, "") | K29: =IFERROR(INDEX(Aug!AL$6:AL$31,MATCH($A29,Aug!$A$6:$A$31,0)),0)+IFERROR(INDEX(Sep!AL$6:AL$31,MATCH($A29,Sep!$A$6:$A$31,0)),0)+IFERROR(INDEX(Oct!AL$6:AL$31,MATCH($A29,Oct!$A$6:$A$31,0)),0)+IFERROR(INDEX(Nov!AL$6:AL$31,MATCH($A29,Nov!$A$6:$A$31,0)),0)+IFERROR(INDEX(Dec!AL$6:AL$31,MATCH($A29,Dec!$A$6:$A$31,0)),0)+IFERROR(INDEX(Jan!AL$6:AL$32,MATCH($A29,Jan!$A$6:$A$32,0)),0)+IFERROR(INDEX(Feb!AL$6:AL$28,MATCH($A29,Feb!$A$6:$A$28,0)),0)+IFERROR(INDEX(Mar!AL$6:AL$31,MATCH($A29,Mar!$A$6:$A$31,0)),0)+IFERROR(INDEX(Apr!AL$6:AL$31,MATCH($A29,Apr!$A$6:$A$31,0)),0)+IFERROR(INDEX(May!AL$6:AL$31,MATCH($A29,May!$A$6:$A$31,0)),0)+IFERROR(INDEX(Jun!AL$6:AL$31,MATCH($A29,Jun!$A$6:$A$31,0)),0)+IFERROR(INDEX(Jul!AL$6:AL$31,MATCH($A29,Jul!$A$6:$A$31,0)),0) -> 0 | L29: =IF(K29>0, 5-K29, "") | M29: =IFERROR(INDEX(Aug!AM$6:AM$31,MATCH($A29,Aug!$A$6:$A$31,0)),0)+IFERROR(INDEX(Sep!AM$6:AM$31,MATCH($A29,Sep!$A$6:$A$31,0)),0)+IFERROR(INDEX(Oct!AM$6:AM$31,MATCH($A29,Oct!$A$6:$A$31,0)),0)+IFERROR(INDEX(Nov!AM$6:AM$31,MATCH($A29,Nov!$A$6:$A$31,0)),0)+IFERROR(INDEX(Dec!AM$6:AM$31,MATCH($A29,Dec!$A$6:$A$31,0)),0)+IFERROR(INDEX(Jan!AM$6:AM$32,MATCH($A29,Jan!$A$6:$A$32,0)),0)+IFERROR(INDEX(Feb!AM$6:AM$28,MATCH($A29,Feb!$A$6:$A$28,0)),0)+IFERROR(INDEX(Mar!AM$6:AM$31,MATCH($A29,Mar!$A$6:$A$31,0)),0)+IFERROR(INDEX(Apr!AM$6:AM$31,MATCH($A29,Apr!$A$6:$A$31,0)),0)+IFERROR(INDEX(May!AM$6:AM$31,MATCH($A29,May!$A$6:$A$31,0)),0)+IFERROR(INDEX(Jun!AM$6:AM$31,MATCH($A29,Jun!$A$6:$A$31,0)),0)+IFERROR(INDEX(Jul!AM$6:AM$31,MATCH($A29,Jul!$A$6:$A$31,0)),0) -> 0 | N29: =IF(M29>0, 5-M29, "") | O29: =IFERROR(INDEX(Aug!AN$6:AN$31,MATCH($A29,Aug!$A$6:$A$31,0)),0)+IFERROR(INDEX(Sep!AN$6:AN$31,MATCH($A29,Sep!$A$6:$A$31,0)),0)+IFERROR(INDEX(Oct!AN$6:AN$31,MATCH($A29,Oct!$A$6:$A$31,0)),0)+IFERROR(INDEX(Nov!AN$6:AN$31,MATCH($A29,Nov!$A$6:$A$31,0)),0)+IFERROR(INDEX(Dec!AN$6:AN$31,MATCH($A29,Dec!$A$6:$A$31,0)),0)+IFERROR(INDEX(Jan!AN$6:AN$32,MATCH($A29,Jan!$A$6:$A$32,0)),0)+IFERROR(INDEX(Feb!AN$6:AN$28,MATCH($A29,Feb!$A$6:$A$28,0)),0)+IFERROR(INDEX(Mar!AN$6:AN$31,MATCH($A29,Mar!$A$6:$A$31,0)),0)+IFERROR(INDEX(Apr!AN$6:AN$31,MATCH($A29,Apr!$A$6:$A$31,0)),0)+IFERROR(INDEX(May!AN$6:AN$31,MATCH($A29,May!$A$6:$A$31,0)),0)+IFERROR(INDEX(Jun!AN$6:AN$31,MATCH($A29,Jun!$A$6:$A$31,0)),0)+IFERROR(INDEX(Jul!AN$6:AN$31,MATCH($A29,Jul!$A$6:$A$31,0)),0) -> 0 | P29: =IF(O29>0, 5-O29, "") | Q29: =IFERROR(INDEX(Aug!AO$6:AO$31,MATCH($A29,Aug!$A$6:$A$31,0)),0)+IFERROR(INDEX(Sep!AO$6:AO$31,MATCH($A29,Sep!$A$6:$A$31,0)),0)+IFERROR(INDEX(Oct!AO$6:AO$31,MATCH($A29,Oct!$A$6:$A$31,0)),0)+IFERROR(INDEX(Nov!AO$6:AO$31,MATCH($A29,Nov!$A$6:$A$31,0)),0)+IFERROR(INDEX(Dec!AO$6:AO$31,MATCH($A29,Dec!$A$6:$A$31,0)),0)+IFERROR(INDEX(Jan!AO$6:AO$32,MATCH($A29,Jan!$A$6:$A$32,0)),0)+IFERROR(INDEX(Feb!AO$6:AO$28,MATCH($A29,Feb!$A$6:$A$28,0)),0)+IFERROR(INDEX(Mar!AO$6:AO$31,MATCH($A29,Mar!$A$6:$A$31,0)),0)+IFERROR(INDEX(Apr!AO$6:AO$31,MATCH($A29,Apr!$A$6:$A$31,0)),0)+IFERROR(INDEX(May!AO$6:AO$31,MATCH($A29,May!$A$6:$A$31,0)),0)+IFERROR(INDEX(Jun!AO$6:AO$31,MATCH($A29,Jun!$A$6:$A$31,0)),0)+IFERROR(INDEX(Jul!AO$6:AO$31,MATCH($A29,Jul!$A$6:$A$31,0)),0) -> 0 | R29: =IF(Q29>0, 7-Q29, "") | S29: =C29+E29+G29+I29+K29+M29+O29+Q29 -> 0
A30: 27 | C30: =IFERROR(INDEX(Aug!AH$6:AH$31,MATCH($A30,Aug!$A$6:$A$31,0)),0)+IFERROR(INDEX(Sep!AH$6:AH$31,MATCH($A30,Sep!$A$6:$A$31,0)),0)+IFERROR(INDEX(Oct!AH$6:AH$31,MATCH($A30,Oct!$A$6:$A$31,0)),0)+IFERROR(INDEX(Nov!AH$6:AH$31,MATCH($A30,Nov!$A$6:$A$31,0)),0)+IFERROR(INDEX(Dec!AH$6:AH$31,MATCH($A30,Dec!$A$6:$A$31,0)),0)+IFERROR(INDEX(Jan!AH$6:AH$32,MATCH($A30,Jan!$A$6:$A$32,0)),0)+IFERROR(INDEX(Feb!AH$6:AH$28,MATCH($A30,Feb!$A$6:$A$28,0)),0)+IFERROR(INDEX(Mar!AH$6:AH$31,MATCH($A30,Mar!$A$6:$A$31,0)),0)+IFERROR(INDEX(Apr!AH$6:AH$31,MATCH($A30,Apr!$A$6:$A$31,0)),0)+IFERROR(INDEX(May!AH$6:AH$31,MATCH($A30,May!$A$6:$A$31,0)),0)+IFERROR(INDEX(Jun!AH$6:AH$31,MATCH($A30,Jun!$A$6:$A$31,0)),0)+IFERROR(INDEX(Jul!AH$6:AH$31,MATCH($A30,Jul!$A$6:$A$31,0)),0) -> 0 | D30: =IF(C30>0, 21-C30, "") | E30: =IFERROR(INDEX(Aug!AI$6:AI$31,MATCH($A30,Aug!$A$6:$A$31,0)),0)+IFERROR(INDEX(Sep!AI$6:AI$31,MATCH($A30,Sep!$A$6:$A$31,0)),0)+IFERROR(INDEX(Oct!AI$6:AI$31,MATCH($A30,Oct!$A$6:$A$31,0)),0)+IFERROR(INDEX(Nov!AI$6:AI$31,MATCH($A30,Nov!$A$6:$A$31,0)),0)+IFERROR(INDEX(Dec!AI$6:AI$31,MATCH($A30,Dec!$A$6:$A$31,0)),0)+IFERROR(INDEX(Jan!AI$6:AI$32,MATCH($A30,Jan!$A$6:$A$32,0)),0)+IFERROR(INDEX(Feb!AI$6:AI$28,MATCH($A30,Feb!$A$6:$A$28,0)),0)+IFERROR(INDEX(Mar!AI$6:AI$31,MATCH($A30,Mar!$A$6:$A$31,0)),0)+IFERROR(INDEX(Apr!AI$6:AI$31,MATCH($A30,Apr!$A$6:$A$31,0)),0)+IFERROR(INDEX(May!AI$6:AI$31,MATCH($A30,May!$A$6:$A$31,0)),0)+IFERROR(INDEX(Jun!AI$6:AI$31,MATCH($A30,Jun!$A$6:$A$31,0)),0)+IFERROR(INDEX(Jul!AI$6:AI$31,MATCH($A30,Jul!$A$6:$A$31,0)),0) -> 0 | F30: =IF(E30>0, 15-E30, "") | G30: =IFERROR(INDEX(Aug!AJ$6:AJ$31,MATCH($A30,Aug!$A$6:$A$31,0)),0)+IFERROR(INDEX(Sep!AJ$6:AJ$31,MATCH($A30,Sep!$A$6:$A$31,0)),0)+IFERROR(INDEX(Oct!AJ$6:AJ$31,MATCH($A30,Oct!$A$6:$A$31,0)),0)+IFERROR(INDEX(Nov!AJ$6:AJ$31,MATCH($A30,Nov!$A$6:$A$31,0)),0)+IFERROR(INDEX(Dec!AJ$6:AJ$31,MATCH($A30,Dec!$A$6:$A$31,0)),0)+IFERROR(INDEX(Jan!AJ$6:AJ$32,MATCH($A30,Jan!$A$6:$A$32,0)),0)+IFERROR(INDEX(Feb!AJ$6:AJ$28,MATCH($A30,Feb!$A$6:$A$28,0)),0)+IFERROR(INDEX(Mar!AJ$6:AJ$31,MATCH($A30,Mar!$A$6:$A$31,0)),0)+IFERROR(INDEX(Apr!AJ$6:AJ$31,MATCH($A30,Apr!$A$6:$A$31,0)),0)+IFERROR(INDEX(May!AJ$6:AJ$31,MATCH($A30,May!$A$6:$A$31,0)),0)+IFERROR(INDEX(Jun!AJ$6:AJ$31,MATCH($A30,Jun!$A$6:$A$31,0)),0)+IFERROR(INDEX(Jul!AJ$6:AJ$31,MATCH($A30,Jul!$A$6:$A$31,0)),0) -> 0 | H30: =IF(G30>0, 80-G30, "") | I30: =IFERROR(INDEX(Aug!AK$6:AK$31,MATCH($A30,Aug!$A$6:$A$31,0)),0)+IFERROR(INDEX(Sep!AK$6:AK$31,MATCH($A30,Sep!$A$6:$A$31,0)),0)+IFERROR(INDEX(Oct!AK$6:AK$31,MATCH($A30,Oct!$A$6:$A$31,0)),0)+IFERROR(INDEX(Nov!AK$6:AK$31,MATCH($A30,Nov!$A$6:$A$31,0)),0)+IFERROR(INDEX(Dec!AK$6:AK$31,MATCH($A30,Dec!$A$6:$A$31,0)),0)+IFERROR(INDEX(Jan!AK$6:AK$32,MATCH($A30,Jan!$A$6:$A$32,0)),0)+IFERROR(INDEX(Feb!AK$6:AK$28,MATCH($A30,Feb!$A$6:$A$28,0)),0)+IFERROR(INDEX(Mar!AK$6:AK$31,MATCH($A30,Mar!$A$6:$A$31,0)),0)+IFERROR(INDEX(Apr!AK$6:AK$31,MATCH($A30,Apr!$A$6:$A$31,0)),0)+IFERROR(INDEX(May!AK$6:AK$31,MATCH($A30,May!$A$6:$A$31,0)),0)+IFERROR(INDEX(Jun!AK$6:AK$31,MATCH($A30,Jun!$A$6:$A$31,0)),0)+IFERROR(INDEX(Jul!AK$6:AK$31,MATCH($A30,Jul!$A$6:$A$31,0)),0) -> 0 | J30: =IF(I30>0, 5-I30, "") | K30: =IFERROR(INDEX(Aug!AL$6:AL$31,MATCH($A30,Aug!$A$6:$A$31,0)),0)+IFERROR(INDEX(Sep!AL$6:AL$31,MATCH($A30,Sep!$A$6:$A$31,0)),0)+IFERROR(INDEX(Oct!AL$6:AL$31,MATCH($A30,Oct!$A$6:$A$31,0)),0)+IFERROR(INDEX(Nov!AL$6:AL$31,MATCH($A30,Nov!$A$6:$A$31,0)),0)+IFERROR(INDEX(Dec!AL$6:AL$31,MATCH($A30,Dec!$A$6:$A$31,0)),0)+IFERROR(INDEX(Jan!AL$6:AL$32,MATCH($A30,Jan!$A$6:$A$32,0)),0)+IFERROR(INDEX(Feb!AL$6:AL$28,MATCH($A30,Feb!$A$6:$A$28,0)),0)+IFERROR(INDEX(Mar!AL$6:AL$31,MATCH($A30,Mar!$A$6:$A$31,0)),0)+IFERROR(INDEX(Apr!AL$6:AL$31,MATCH($A30,Apr!$A$6:$A$31,0)),0)+IFERROR(INDEX(May!AL$6:AL$31,MATCH($A30,May!$A$6:$A$31,0)),0)+IFERROR(INDEX(Jun!AL$6:AL$31,MATCH($A30,Jun!$A$6:$A$31,0)),0)+IFERROR(INDEX(Jul!AL$6:AL$31,MATCH($A30,Jul!$A$6:$A$31,0)),0) -> 0 | L30: =IF(K30>0, 5-K30, "") | M30: =IFERROR(INDEX(Aug!AM$6:AM$31,MATCH($A30,Aug!$A$6:$A$31,0)),0)+IFERROR(INDEX(Sep!AM$6:AM$31,MATCH($A30,Sep!$A$6:$A$31,0)),0)+IFERROR(INDEX(Oct!AM$6:AM$31,MATCH($A30,Oct!$A$6:$A$31,0)),0)+IFERROR(INDEX(Nov!AM$6:AM$31,MATCH($A30,Nov!$A$6:$A$31,0)),0)+IFERROR(INDEX(Dec!AM$6:AM$31,MATCH($A30,Dec!$A$6:$A$31,0)),0)+IFERROR(INDEX(Jan!AM$6:AM$32,MATCH($A30,Jan!$A$6:$A$32,0)),0)+IFERROR(INDEX(Feb!AM$6:AM$28,MATCH($A30,Feb!$A$6:$A$28,0)),0)+IFERROR(INDEX(Mar!AM$6:AM$31,MATCH($A30,Mar!$A$6:$A$31,0)),0)+IFERROR(INDEX(Apr!AM$6:AM$31,MATCH($A30,Apr!$A$6:$A$31,0)),0)+IFERROR(INDEX(May!AM$6:AM$31,MATCH($A30,May!$A$6:$A$31,0)),0)+IFERROR(INDEX(Jun!AM$6:AM$31,MATCH($A30,Jun!$A$6:$A$31,0)),0)+IFERROR(INDEX(Jul!AM$6:AM$31,MATCH($A30,Jul!$A$6:$A$31,0)),0) -> 0 | N30: =IF(M30>0, 5-M30, "") | O30: =IFERROR(INDEX(Aug!AN$6:AN$31,MATCH($A30,Aug!$A$6:$A$31,0)),0)+IFERROR(INDEX(Sep!AN$6:AN$31,MATCH($A30,Sep!$A$6:$A$31,0)),0)+IFERROR(INDEX(Oct!AN$6:AN$31,MATCH($A30,Oct!$A$6:$A$31,0)),0)+IFERROR(INDEX(Nov!AN$6:AN$31,MATCH($A30,Nov!$A$6:$A$31,0)),0)+IFERROR(INDEX(Dec!AN$6:AN$31,MATCH($A30,Dec!$A$6:$A$31,0)),0)+IFERROR(INDEX(Jan!AN$6:AN$32,MATCH($A30,Jan!$A$6:$A$32,0)),0)+IFERROR(INDEX(Feb!AN$6:AN$28,MATCH($A30,Feb!$A$6:$A$28,0)),0)+IFERROR(INDEX(Mar!AN$6:AN$31,MATCH($A30,Mar!$A$6:$A$31,0)),0)+IFERROR(INDEX(Apr!AN$6:AN$31,MATCH($A30,Apr!$A$6:$A$31,0)),0)+IFERROR(INDEX(May!AN$6:AN$31,MATCH($A30,May!$A$6:$A$31,0)),0)+IFERROR(INDEX(Jun!AN$6:AN$31,MATCH($A30,Jun!$A$6:$A$31,0)),0)+IFERROR(INDEX(Jul!AN$6:AN$31,MATCH($A30,Jul!$A$6:$A$31,0)),0) -> 0 | P30: =IF(O30>0, 5-O30, "") | Q30: =IFERROR(INDEX(Aug!AO$6:AO$31,MATCH($A30,Aug!$A$6:$A$31,0)),0)+IFERROR(INDEX(Sep!AO$6:AO$31,MATCH($A30,Sep!$A$6:$A$31,0)),0)+IFERROR(INDEX(Oct!AO$6:AO$31,MATCH($A30,Oct!$A$6:$A$31,0)),0)+IFERROR(INDEX(Nov!AO$6:AO$31,MATCH($A30,Nov!$A$6:$A$31,0)),0)+IFERROR(INDEX(Dec!AO$6:AO$31,MATCH($A30,Dec!$A$6:$A$31,0)),0)+IFERROR(INDEX(Jan!AO$6:AO$32,MATCH($A30,Jan!$A$6:$A$32,0)),0)+IFERROR(INDEX(Feb!AO$6:AO$28,MATCH($A30,Feb!$A$6:$A$28,0)),0)+IFERROR(INDEX(Mar!AO$6:AO$31,MATCH($A30,Mar!$A$6:$A$31,0)),0)+IFERROR(INDEX(Apr!AO$6:AO$31,MATCH($A30,Apr!$A$6:$A$31,0)),0)+IFERROR(INDEX(May!AO$6:AO$31,MATCH($A30,May!$A$6:$A$31,0)),0)+IFERROR(INDEX(Jun!AO$6:AO$31,MATCH($A30,Jun!$A$6:$A$31,0)),0)+IFERROR(INDEX(Jul!AO$6:AO$31,MATCH($A30,Jul!$A$6:$A$31,0)),0) -> 0 | R30: =IF(Q30>0, 7-Q30, "") | S30: =C30+E30+G30+I30+K30+M30+O30+Q30 -> 0
A31: 28 | C31: =IFERROR(INDEX(Aug!AH$6:AH$31,MATCH($A31,Aug!$A$6:$A$31,0)),0)+IFERROR(INDEX(Sep!AH$6:AH$31,MATCH($A31,Sep!$A$6:$A$31,0)),0)+IFERROR(INDEX(Oct!AH$6:AH$31,MATCH($A31,Oct!$A$6:$A$31,0)),0)+IFERROR(INDEX(Nov!AH$6:AH$31,MATCH($A31,Nov!$A$6:$A$31,0)),0)+IFERROR(INDEX(Dec!AH$6:AH$31,MATCH($A31,Dec!$A$6:$A$31,0)),0)+IFERROR(INDEX(Jan!AH$6:AH$32,MATCH($A31,Jan!$A$6:$A$32,0)),0)+IFERROR(INDEX(Feb!AH$6:AH$28,MATCH($A31,Feb!$A$6:$A$28,0)),0)+IFERROR(INDEX(Mar!AH$6:AH$31,MATCH($A31,Mar!$A$6:$A$31,0)),0)+IFERROR(INDEX(Apr!AH$6:AH$31,MATCH($A31,Apr!$A$6:$A$31,0)),0)+IFERROR(INDEX(May!AH$6:AH$31,MATCH($A31,May!$A$6:$A$31,0)),0)+IFERROR(INDEX(Jun!AH$6:AH$31,MATCH($A31,Jun!$A$6:$A$31,0)),0)+IFERROR(INDEX(Jul!AH$6:AH$31,MATCH($A31,Jul!$A$6:$A$31,0)),0) -> 0 | D31: =IF(C31>0, 21-C31, "") | E31: =IFERROR(INDEX(Aug!AI$6:AI$31,MATCH($A31,Aug!$A$6:$A$31,0)),0)+IFERROR(INDEX(Sep!AI$6:AI$31,MATCH($A31,Sep!$A$6:$A$31,0)),0)+IFERROR(INDEX(Oct!AI$6:AI$31,MATCH($A31,Oct!$A$6:$A$31,0)),0)+IFERROR(INDEX(Nov!AI$6:AI$31,MATCH($A31,Nov!$A$6:$A$31,0)),0)+IFERROR(INDEX(Dec!AI$6:AI$31,MATCH($A31,Dec!$A$6:$A$31,0)),0)+IFERROR(INDEX(Jan!AI$6:AI$32,MATCH($A31,Jan!$A$6:$A$32,0)),0)+IFERROR(INDEX(Feb!AI$6:AI$28,MATCH($A31,Feb!$A$6:$A$28,0)),0)+IFERROR(INDEX(Mar!AI$6:AI$31,MATCH($A31,Mar!$A$6:$A$31,0)),0)+IFERROR(INDEX(Apr!AI$6:AI$31,MATCH($A31,Apr!$A$6:$A$31,0)),0)+IFERROR(INDEX(May!AI$6:AI$31,MATCH($A31,May!$A$6:$A$31,0)),0)+IFERROR(INDEX(Jun!AI$6:AI$31,MATCH($A31,Jun!$A$6:$A$31,0)),0)+IFERROR(INDEX(Jul!AI$6:AI$31,MATCH($A31,Jul!$A$6:$A$31,0)),0) -> 0 | F31: =IF(E31>0, 15-E31, "") | G31: =IFERROR(INDEX(Aug!AJ$6:AJ$31,MATCH($A31,Aug!$A$6:$A$31,0)),0)+IFERROR(INDEX(Sep!AJ$6:AJ$31,MATCH($A31,Sep!$A$6:$A$31,0)),0)+IFERROR(INDEX(Oct!AJ$6:AJ$31,MATCH($A31,Oct!$A$6:$A$31,0)),0)+IFERROR(INDEX(Nov!AJ$6:AJ$31,MATCH($A31,Nov!$A$6:$A$31,0)),0)+IFERROR(INDEX(Dec!AJ$6:AJ$31,MATCH($A31,Dec!$A$6:$A$31,0)),0)+IFERROR(INDEX(Jan!AJ$6:AJ$32,MATCH($A31,Jan!$A$6:$A$32,0)),0)+IFERROR(INDEX(Feb!AJ$6:AJ$28,MATCH($A31,Feb!$A$6:$A$28,0)),0)+IFERROR(INDEX(Mar!AJ$6:AJ$31,MATCH($A31,Mar!$A$6:$A$31,0)),0)+IFERROR(INDEX(Apr!AJ$6:AJ$31,MATCH($A31,Apr!$A$6:$A$31,0)),0)+IFERROR(INDEX(May!AJ$6:AJ$31,MATCH($A31,May!$A$6:$A$31,0)),0)+IFERROR(INDEX(Jun!AJ$6:AJ$31,MATCH($A31,Jun!$A$6:$A$31,0)),0)+IFERROR(INDEX(Jul!AJ$6:AJ$31,MATCH($A31,Jul!$A$6:$A$31,0)),0) -> 0 | H31: =IF(G31>0, 80-G31, "") | I31: =IFERROR(INDEX(Aug!AK$6:AK$31,MATCH($A31,Aug!$A$6:$A$31,0)),0)+IFERROR(INDEX(Sep!AK$6:AK$31,MATCH($A31,Sep!$A$6:$A$31,0)),0)+IFERROR(INDEX(Oct!AK$6:AK$31,MATCH($A31,Oct!$A$6:$A$31,0)),0)+IFERROR(INDEX(Nov!AK$6:AK$31,MATCH($A31,Nov!$A$6:$A$31,0)),0)+IFERROR(INDEX(Dec!AK$6:AK$31,MATCH($A31,Dec!$A$6:$A$31,0)),0)+IFERROR(INDEX(Jan!AK$6:AK$32,MATCH($A31,Jan!$A$6:$A$32,0)),0)+IFERROR(INDEX(Feb!AK$6:AK$28,MATCH($A31,Feb!$A$6:$A$28,0)),0)+IFERROR(INDEX(Mar!AK$6:AK$31,MATCH($A31,Mar!$A$6:$A$31,0)),0)+IFERROR(INDEX(Apr!AK$6:AK$31,MATCH($A31,Apr!$A$6:$A$31,0)),0)+IFERROR(INDEX(May!AK$6:AK$31,MATCH($A31,May!$A$6:$A$31,0)),0)+IFERROR(INDEX(Jun!AK$6:AK$31,MATCH($A31,Jun!$A$6:$A$31,0)),0)+IFERROR(INDEX(Jul!AK$6:AK$31,MATCH($A31,Jul!$A$6:$A$31,0)),0) -> 0 | J31: =IF(I31>0, 5-I31, "") | K31: =IFERROR(INDEX(Aug!AL$6:AL$31,MATCH($A31,Aug!$A$6:$A$31,0)),0)+IFERROR(INDEX(Sep!AL$6:AL$31,MATCH($A31,Sep!$A$6:$A$31,0)),0)+IFERROR(INDEX(Oct!AL$6:AL$31,MATCH($A31,Oct!$A$6:$A$31,0)),0)+IFERROR(INDEX(Nov!AL$6:AL$31,MATCH($A31,Nov!$A$6:$A$31,0)),0)+IFERROR(INDEX(Dec!AL$6:AL$31,MATCH($A31,Dec!$A$6:$A$31,0)),0)+IFERROR(INDEX(Jan!AL$6:AL$32,MATCH($A31,Jan!$A$6:$A$32,0)),0)+IFERROR(INDEX(Feb!AL$6:AL$28,MATCH($A31,Feb!$A$6:$A$28,0)),0)+IFERROR(INDEX(Mar!AL$6:AL$31,MATCH($A31,Mar!$A$6:$A$31,0)),0)+IFERROR(INDEX(Apr!AL$6:AL$31,MATCH($A31,Apr!$A$6:$A$31,0)),0)+IFERROR(INDEX(May!AL$6:AL$31,MATCH($A31,May!$A$6:$A$31,0)),0)+IFERROR(INDEX(Jun!AL$6:AL$31,MATCH($A31,Jun!$A$6:$A$31,0)),0)+IFERROR(INDEX(Jul!AL$6:AL$31,MATCH($A31,Jul!$A$6:$A$31,0)),0) -> 0 | L31: =IF(K31>0, 5-K31, "") | M31: =IFERROR(INDEX(Aug!AM$6:AM$31,MATCH($A31,Aug!$A$6:$A$31,0)),0)+IFERROR(INDEX(Sep!AM$6:AM$31,MATCH($A31,Sep!$A$6:$A$31,0)),0)+IFERROR(INDEX(Oct!AM$6:AM$31,MATCH($A31,Oct!$A$6:$A$31,0)),0)+IFERROR(INDEX(Nov!AM$6:AM$31,MATCH($A31,Nov!$A$6:$A$31,0)),0)+IFERROR(INDEX(Dec!AM$6:AM$31,MATCH($A31,Dec!$A$6:$A$31,0)),0)+IFERROR(INDEX(Jan!AM$6:AM$32,MATCH($A31,Jan!$A$6:$A$32,0)),0)+IFERROR(INDEX(Feb!AM$6:AM$28,MATCH($A31,Feb!$A$6:$A$28,0)),0)+IFERROR(INDEX(Mar!AM$6:AM$31,MATCH($A31,Mar!$A$6:$A$31,0)),0)+IFERROR(INDEX(Apr!AM$6:AM$31,MATCH($A31,Apr!$A$6:$A$31,0)),0)+IFERROR(INDEX(May!AM$6:AM$31,MATCH($A31,May!$A$6:$A$31,0)),0)+IFERROR(INDEX(Jun!AM$6:AM$31,MATCH($A31,Jun!$A$6:$A$31,0)),0)+IFERROR(INDEX(Jul!AM$6:AM$31,MATCH($A31,Jul!$A$6:$A$31,0)),0) -> 0 | N31: =IF(M31>0, 5-M31, "") | O31: =IFERROR(INDEX(Aug!AN$6:AN$31,MATCH($A31,Aug!$A$6:$A$31,0)),0)+IFERROR(INDEX(Sep!AN$6:AN$31,MATCH($A31,Sep!$A$6:$A$31,0)),0)+IFERROR(INDEX(Oct!AN$6:AN$31,MATCH($A31,Oct!$A$6:$A$31,0)),0)+IFERROR(INDEX(Nov!AN$6:AN$31,MATCH($A31,Nov!$A$6:$A$31,0)),0)+IFERROR(INDEX(Dec!AN$6:AN$31,MATCH($A31,Dec!$A$6:$A$31,0)),0)+IFERROR(INDEX(Jan!AN$6:AN$32,MATCH($A31,Jan!$A$6:$A$32,0)),0)+IFERROR(INDEX(Feb!AN$6:AN$28,MATCH($A31,Feb!$A$6:$A$28,0)),0)+IFERROR(INDEX(Mar!AN$6:AN$31,MATCH($A31,Mar!$A$6:$A$31,0)),0)+IFERROR(INDEX(Apr!AN$6:AN$31,MATCH($A31,Apr!$A$6:$A$31,0)),0)+IFERROR(INDEX(May!AN$6:AN$31,MATCH($A31,May!$A$6:$A$31,0)),0)+IFERROR(INDEX(Jun!AN$6:AN$31,MATCH($A31,Jun!$A$6:$A$31,0)),0)+IFERROR(INDEX(Jul!AN$6:AN$31,MATCH($A31,Jul!$A$6:$A$31,0)),0) -> 0 | P31: =IF(O31>0, 5-O31, "") | Q31: =IFERROR(INDEX(Aug!AO$6:AO$31,MATCH($A31,Aug!$A$6:$A$31,0)),0)+IFERROR(INDEX(Sep!AO$6:AO$31,MATCH($A31,Sep!$A$6:$A$31,0)),0)+IFERROR(INDEX(Oct!AO$6:AO$31,MATCH($A31,Oct!$A$6:$A$31,0)),0)+IFERROR(INDEX(Nov!AO$6:AO$31,MATCH($A31,Nov!$A$6:$A$31,0)),0)+IFERROR(INDEX(Dec!AO$6:AO$31,MATCH($A31,Dec!$A$6:$A$31,0)),0)+IFERROR(INDEX(Jan!AO$6:AO$32,MATCH($A31,Jan!$A$6:$A$32,0)),0)+IFERROR(INDEX(Feb!AO$6:AO$28,MATCH($A31,Feb!$A$6:$A$28,0)),0)+IFERROR(INDEX(Mar!AO$6:AO$31,MATCH($A31,Mar!$A$6:$A$31,0)),0)+IFERROR(INDEX(Apr!AO$6:AO$31,MATCH($A31,Apr!$A$6:$A$31,0)),0)+IFERROR(INDEX(May!AO$6:AO$31,MATCH($A31,May!$A$6:$A$31,0)),0)+IFERROR(INDEX(Jun!AO$6:AO$31,MATCH($A31,Jun!$A$6:$A$31,0)),0)+IFERROR(INDEX(Jul!AO$6:AO$31,MATCH($A31,Jul!$A$6:$A$31,0)),0) -> 0 | R31: =IF(Q31>0, 7-Q31, "") | S31: =C31+E31+G31+I31+K31+M31+O31+Q31 -> 0
A32: 29 | C32: =IFERROR(INDEX(Aug!AH$6:AH$31,MATCH($A32,Aug!$A$6:$A$31,0)),0)+IFERROR(INDEX(Sep!AH$6:AH$31,MATCH($A32,Sep!$A$6:$A$31,0)),0)+IFERROR(INDEX(Oct!AH$6:AH$31,MATCH($A32,Oct!$A$6:$A$31,0)),0)+IFERROR(INDEX(Nov!AH$6:AH$31,MATCH($A32,Nov!$A$6:$A$31,0)),0)+IFERROR(INDEX(Dec!AH$6:AH$31,MATCH($A32,Dec!$A$6:$A$31,0)),0)+IFERROR(INDEX(Jan!AH$6:AH$32,MATCH($A32,Jan!$A$6:$A$32,0)),0)+IFERROR(INDEX(Feb!AH$6:AH$28,MATCH($A32,Feb!$A$6:$A$28,0)),0)+IFERROR(INDEX(Mar!AH$6:AH$31,MATCH($A32,Mar!$A$6:$A$31,0)),0)+IFERROR(INDEX(Apr!AH$6:AH$31,MATCH($A32,Apr!$A$6:$A$31,0)),0)+IFERROR(INDEX(May!AH$6:AH$31,MATCH($A32,May!$A$6:$A$31,0)),0)+IFERROR(INDEX(Jun!AH$6:AH$31,MATCH($A32,Jun!$A$6:$A$31,0)),0)+IFERROR(INDEX(Jul!AH$6:AH$31,MATCH($A32,Jul!$A$6:$A$31,0)),0) -> 0 | D32: =IF(C32>0, 21-C32, "") | E32: =IFERROR(INDEX(Aug!AI$6:AI$31,MATCH($A32,Aug!$A$6:$A$31,0)),0)+IFERROR(INDEX(Sep!AI$6:AI$31,MATCH($A32,Sep!$A$6:$A$31,0)),0)+IFERROR(INDEX(Oct!AI$6:AI$31,MATCH($A32,Oct!$A$6:$A$31,0)),0)+IFERROR(INDEX(Nov!AI$6:AI$31,MATCH($A32,Nov!$A$6:$A$31,0)),0)+IFERROR(INDEX(Dec!AI$6:AI$31,MATCH($A32,Dec!$A$6:$A$31,0)),0)+IFERROR(INDEX(Jan!AI$6:AI$32,MATCH($A32,Jan!$A$6:$A$32,0)),0)+IFERROR(INDEX(Feb!AI$6:AI$28,MATCH($A32,Feb!$A$6:$A$28,0)),0)+IFERROR(INDEX(Mar!AI$6:AI$31,MATCH($A32,Mar!$A$6:$A$31,0)),0)+IFERROR(INDEX(Apr!AI$6:AI$31,MATCH($A32,Apr!$A$6:$A$31,0)),0)+IFERROR(INDEX(May!AI$6:AI$31,MATCH($A32,May!$A$6:$A$31,0)),0)+IFERROR(INDEX(Jun!AI$6:AI$31,MATCH($A32,Jun!$A$6:$A$31,0)),0)+IFERROR(INDEX(Jul!AI$6:AI$31,MATCH($A32,Jul!$A$6:$A$31,0)),0) -> 0 | F32: =IF(E32>0, 15-E32, "") | G32: =IFERROR(INDEX(Aug!AJ$6:AJ$31,MATCH($A32,Aug!$A$6:$A$31,0)),0)+IFERROR(INDEX(Sep!AJ$6:AJ$31,MATCH($A32,Sep!$A$6:$A$31,0)),0)+IFERROR(INDEX(Oct!AJ$6:AJ$31,MATCH($A32,Oct!$A$6:$A$31,0)),0)+IFERROR(INDEX(Nov!AJ$6:AJ$31,MATCH($A32,Nov!$A$6:$A$31,0)),0)+IFERROR(INDEX(Dec!AJ$6:AJ$31,MATCH($A32,Dec!$A$6:$A$31,0)),0)+IFERROR(INDEX(Jan!AJ$6:AJ$32,MATCH($A32,Jan!$A$6:$A$32,0)),0)+IFERROR(INDEX(Feb!AJ$6:AJ$28,MATCH($A32,Feb!$A$6:$A$28,0)),0)+IFERROR(INDEX(Mar!AJ$6:AJ$31,MATCH($A32,Mar!$A$6:$A$31,0)),0)+IFERROR(INDEX(Apr!AJ$6:AJ$31,MATCH($A32,Apr!$A$6:$A$31,0)),0)+IFERROR(INDEX(May!AJ$6:AJ$31,MATCH($A32,May!$A$6:$A$31,0)),0)+IFERROR(INDEX(Jun!AJ$6:AJ$31,MATCH($A32,Jun!$A$6:$A$31,0)),0)+IFERROR(INDEX(Jul!AJ$6:AJ$31,MATCH($A32,Jul!$A$6:$A$31,0)),0) -> 0 | H32: =IF(G32>0, 80-G32, "") | I32: =IFERROR(INDEX(Aug!AK$6:AK$31,MATCH($A32,Aug!$A$6:$A$31,0)),0)+IFERROR(INDEX(Sep!AK$6:AK$31,MATCH($A32,Sep!$A$6:$A$31,0)),0)+IFERROR(INDEX(Oct!AK$6:AK$31,MATCH($A32,Oct!$A$6:$A$31,0)),0)+IFERROR(INDEX(Nov!AK$6:AK$31,MATCH($A32,Nov!$A$6:$A$31,0)),0)+IFERROR(INDEX(Dec!AK$6:AK$31,MATCH($A32,Dec!$A$6:$A$31,0)),0)+IFERROR(INDEX(Jan!AK$6:AK$32,MATCH($A32,Jan!$A$6:$A$32,0)),0)+IFERROR(INDEX(Feb!AK$6:AK$28,MATCH($A32,Feb!$A$6:$A$28,0)),0)+IFERROR(INDEX(Mar!AK$6:AK$31,MATCH($A32,Mar!$A$6:$A$31,0)),0)+IFERROR(INDEX(Apr!AK$6:AK$31,MATCH($A32,Apr!$A$6:$A$31,0)),0)+IFERROR(INDEX(May!AK$6:AK$31,MATCH($A32,May!$A$6:$A$31,0)),0)+IFERROR(INDEX(Jun!AK$6:AK$31,MATCH($A32,Jun!$A$6:$A$31,0)),0)+IFERROR(INDEX(Jul!AK$6:AK$31,MATCH($A32,Jul!$A$6:$A$31,0)),0) -> 0 | J32: =IF(I32>0, 5-I32, "") | K32: =IFERROR(INDEX(Aug!AL$6:AL$31,MATCH($A32,Aug!$A$6:$A$31,0)),0)+IFERROR(INDEX(Sep!AL$6:AL$31,MATCH($A32,Sep!$A$6:$A$31,0)),0)+IFERROR(INDEX(Oct!AL$6:AL$31,MATCH($A32,Oct!$A$6:$A$31,0)),0)+IFERROR(INDEX(Nov!AL$6:AL$31,MATCH($A32,Nov!$A$6:$A$31,0)),0)+IFERROR(INDEX(Dec!AL$6:AL$31,MATCH($A32,Dec!$A$6:$A$31,0)),0)+IFERROR(INDEX(Jan!AL$6:AL$32,MATCH($A32,Jan!$A$6:$A$32,0)),0)+IFERROR(INDEX(Feb!AL$6:AL$28,MATCH($A32,Feb!$A$6:$A$28,0)),0)+IFERROR(INDEX(Mar!AL$6:AL$31,MATCH($A32,Mar!$A$6:$A$31,0)),0)+IFERROR(INDEX(Apr!AL$6:AL$31,MATCH($A32,Apr!$A$6:$A$31,0)),0)+IFERROR(INDEX(May!AL$6:AL$31,MATCH($A32,May!$A$6:$A$31,0)),0)+IFERROR(INDEX(Jun!AL$6:AL$31,MATCH($A32,Jun!$A$6:$A$31,0)),0)+IFERROR(INDEX(Jul!AL$6:AL$31,MATCH($A32,Jul!$A$6:$A$31,0)),0) -> 0 | L32: =IF(K32>0, 5-K32, "") | M32: =IFERROR(INDEX(Aug!AM$6:AM$31,MATCH($A32,Aug!$A$6:$A$31,0)),0)+IFERROR(INDEX(Sep!AM$6:AM$31,MATCH($A32,Sep!$A$6:$A$31,0)),0)+IFERROR(INDEX(Oct!AM$6:AM$31,MATCH($A32,Oct!$A$6:$A$31,0)),0)+IFERROR(INDEX(Nov!AM$6:AM$31,MATCH($A32,Nov!$A$6:$A$31,0)),0)+IFERROR(INDEX(Dec!AM$6:AM$31,MATCH($A32,Dec!$A$6:$A$31,0)),0)+IFERROR(INDEX(Jan!AM$6:AM$32,MATCH($A32,Jan!$A$6:$A$32,0)),0)+IFERROR(INDEX(Feb!AM$6:AM$28,MATCH($A32,Feb!$A$6:$A$28,0)),0)+IFERROR(INDEX(Mar!AM$6:AM$31,MATCH($A32,Mar!$A$6:$A$31,0)),0)+IFERROR(INDEX(Apr!AM$6:AM$31,MATCH($A32,Apr!$A$6:$A$31,0)),0)+IFERROR(INDEX(May!AM$6:AM$31,MATCH($A32,May!$A$6:$A$31,0)),0)+IFERROR(INDEX(Jun!AM$6:AM$31,MATCH($A32,Jun!$A$6:$A$31,0)),0)+IFERROR(INDEX(Jul!AM$6:AM$31,MATCH($A32,Jul!$A$6:$A$31,0)),0) -> 0 | N32: =IF(M32>0, 5-M32, "") | O32: =IFERROR(INDEX(Aug!AN$6:AN$31,MATCH($A32,Aug!$A$6:$A$31,0)),0)+IFERROR(INDEX(Sep!AN$6:AN$31,MATCH($A32,Sep!$A$6:$A$31,0)),0)+IFERROR(INDEX(Oct!AN$6:AN$31,MATCH($A32,Oct!$A$6:$A$31,0)),0)+IFERROR(INDEX(Nov!AN$6:AN$31,MATCH($A32,Nov!$A$6:$A$31,0)),0)+IFERROR(INDEX(Dec!AN$6:AN$31,MATCH($A32,Dec!$A$6:$A$31,0)),0)+IFERROR(INDEX(Jan!AN$6:AN$32,MATCH($A32,Jan!$A$6:$A$32,0)),0)+IFERROR(INDEX(Feb!AN$6:AN$28,MATCH($A32,Feb!$A$6:$A$28,0)),0)+IFERROR(INDEX(Mar!AN$6:AN$31,MATCH($A32,Mar!$A$6:$A$31,0)),0)+IFERROR(INDEX(Apr!AN$6:AN$31,MATCH($A32,Apr!$A$6:$A$31,0)),0)+IFERROR(INDEX(May!AN$6:AN$31,MATCH($A32,May!$A$6:$A$31,0)),0)+IFERROR(INDEX(Jun!AN$6:AN$31,MATCH($A32,Jun!$A$6:$A$31,0)),0)+IFERROR(INDEX(Jul!AN$6:AN$31,MATCH($A32,Jul!$A$6:$A$31,0)),0) -> 0 | P32: =IF(O32>0, 5-O32, "") | Q32: =IFERROR(INDEX(Aug!AO$6:AO$31,MATCH($A32,Aug!$A$6:$A$31,0)),0)+IFERROR(INDEX(Sep!AO$6:AO$31,MATCH($A32,Sep!$A$6:$A$31,0)),0)+IFERROR(INDEX(Oct!AO$6:AO$31,MATCH($A32,Oct!$A$6:$A$31,0)),0)+IFERROR(INDEX(Nov!AO$6:AO$31,MATCH($A32,Nov!$A$6:$A$31,0)),0)+IFERROR(INDEX(Dec!AO$6:AO$31,MATCH($A32,Dec!$A$6:$A$31,0)),0)+IFERROR(INDEX(Jan!AO$6:AO$32,MATCH($A32,Jan!$A$6:$A$32,0)),0)+IFERROR(INDEX(Feb!AO$6:AO$28,MATCH($A32,Feb!$A$6:$A$28,0)),0)+IFERROR(INDEX(Mar!AO$6:AO$31,MATCH($A32,Mar!$A$6:$A$31,0)),0)+IFERROR(INDEX(Apr!AO$6:AO$31,MATCH($A32,Apr!$A$6:$A$31,0)),0)+IFERROR(INDEX(May!AO$6:AO$31,MATCH($A32,May!$A$6:$A$31,0)),0)+IFERROR(INDEX(Jun!AO$6:AO$31,MATCH($A32,Jun!$A$6:$A$31,0)),0)+IFERROR(INDEX(Jul!AO$6:AO$31,MATCH($A32,Jul!$A$6:$A$31,0)),0) -> 0 | R32: =IF(Q32>0, 7-Q32, "") | S32: =C32+E32+G32+I32+K32+M32+O32+Q32 -> 0
A33: 30 | C33: =IFERROR(INDEX(Aug!AH$6:AH$31,MATCH($A33,Aug!$A$6:$A$31,0)),0)+IFERROR(INDEX(Sep!AH$6:AH$31,MATCH($A33,Sep!$A$6:$A$31,0)),0)+IFERROR(INDEX(Oct!AH$6:AH$31,MATCH($A33,Oct!$A$6:$A$31,0)),0)+IFERROR(INDEX(Nov!AH$6:AH$31,MATCH($A33,Nov!$A$6:$A$31,0)),0)+IFERROR(INDEX(Dec!AH$6:AH$31,MATCH($A33,Dec!$A$6:$A$31,0)),0)+IFERROR(INDEX(Jan!AH$6:AH$32,MATCH($A33,Jan!$A$6:$A$32,0)),0)+IFERROR(INDEX(Feb!AH$6:AH$28,MATCH($A33,Feb!$A$6:$A$28,0)),0)+IFERROR(INDEX(Mar!AH$6:AH$31,MATCH($A33,Mar!$A$6:$A$31,0)),0)+IFERROR(INDEX(Apr!AH$6:AH$31,MATCH($A33,Apr!$A$6:$A$31,0)),0)+IFERROR(INDEX(May!AH$6:AH$31,MATCH($A33,May!$A$6:$A$31,0)),0)+IFERROR(INDEX(Jun!AH$6:AH$31,MATCH($A33,Jun!$A$6:$A$31,0)),0)+IFERROR(INDEX(Jul!AH$6:AH$31,MATCH($A33,Jul!$A$6:$A$31,0)),0) -> 0 | D33: =IF(C33>0, 21-C33, "") | E33: =IFERROR(INDEX(Aug!AI$6:AI$31,MATCH($A33,Aug!$A$6:$A$31,0)),0)+IFERROR(INDEX(Sep!AI$6:AI$31,MATCH($A33,Sep!$A$6:$A$31,0)),0)+IFERROR(INDEX(Oct!AI$6:AI$31,MATCH($A33,Oct!$A$6:$A$31,0)),0)+IFERROR(INDEX(Nov!AI$6:AI$31,MATCH($A33,Nov!$A$6:$A$31,0)),0)+IFERROR(INDEX(Dec!AI$6:AI$31,MATCH($A33,Dec!$A$6:$A$31,0)),0)+IFERROR(INDEX(Jan!AI$6:AI$32,MATCH($A33,Jan!$A$6:$A$32,0)),0)+IFERROR(INDEX(Feb!AI$6:AI$28,MATCH($A33,Feb!$A$6:$A$28,0)),0)+IFERROR(INDEX(Mar!AI$6:AI$31,MATCH($A33,Mar!$A$6:$A$31,0)),0)+IFERROR(INDEX(Apr!AI$6:AI$31,MATCH($A33,Apr!$A$6:$A$31,0)),0)+IFERROR(INDEX(May!AI$6:AI$31,MATCH($A33,May!$A$6:$A$31,0)),0)+IFERROR(INDEX(Jun!AI$6:AI$31,MATCH($A33,Jun!$A$6:$A$31,0)),0)+IFERROR(INDEX(Jul!AI$6:AI$31,MATCH($A33,Jul!$A$6:$A$31,0)),0) -> 0 | F33: =IF(E33>0, 15-E33, "") | G33: =IFERROR(INDEX(Aug!AJ$6:AJ$31,MATCH($A33,Aug!$A$6:$A$31,0)),0)+IFERROR(INDEX(Sep!AJ$6:AJ$31,MATCH($A33,Sep!$A$6:$A$31,0)),0)+IFERROR(INDEX(Oct!AJ$6:AJ$31,MATCH($A33,Oct!$A$6:$A$31,0)),0)+IFERROR(INDEX(Nov!AJ$6:AJ$31,MATCH($A33,Nov!$A$6:$A$31,0)),0)+IFERROR(INDEX(Dec!AJ$6:AJ$31,MATCH($A33,Dec!$A$6:$A$31,0)),0)+IFERROR(INDEX(Jan!AJ$6:AJ$32,MATCH($A33,Jan!$A$6:$A$32,0)),0)+IFERROR(INDEX(Feb!AJ$6:AJ$28,MATCH($A33,Feb!$A$6:$A$28,0)),0)+IFERROR(INDEX(Mar!AJ$6:AJ$31,MATCH($A33,Mar!$A$6:$A$31,0)),0)+IFERROR(INDEX(Apr!AJ$6:AJ$31,MATCH($A33,Apr!$A$6:$A$31,0)),0)+IFERROR(INDEX(May!AJ$6:AJ$31,MATCH($A33,May!$A$6:$A$31,0)),0)+IFERROR(INDEX(Jun!AJ$6:AJ$31,MATCH($A33,Jun!$A$6:$A$31,0)),0)+IFERROR(INDEX(Jul!AJ$6:AJ$31,MATCH($A33,Jul!$A$6:$A$31,0)),0) -> 0 | H33: =IF(G33>0, 80-G33, "") | I33: =IFERROR(INDEX(Aug!AK$6:AK$31,MATCH($A33,Aug!$A$6:$A$31,0)),0)+IFERROR(INDEX(Sep!AK$6:AK$31,MATCH($A33,Sep!$A$6:$A$31,0)),0)+IFERROR(INDEX(Oct!AK$6:AK$31,MATCH($A33,Oct!$A$6:$A$31,0)),0)+IFERROR(INDEX(Nov!AK$6:AK$31,MATCH($A33,Nov!$A$6:$A$31,0)),0)+IFERROR(INDEX(Dec!AK$6:AK$31,MATCH($A33,Dec!$A$6:$A$31,0)),0)+IFERROR(INDEX(Jan!AK$6:AK$32,MATCH($A33,Jan!$A$6:$A$32,0)),0)+IFERROR(INDEX(Feb!AK$6:AK$28,MATCH($A33,Feb!$A$6:$A$28,0)),0)+IFERROR(INDEX(Mar!AK$6:AK$31,MATCH($A33,Mar!$A$6:$A$31,0)),0)+IFERROR(INDEX(Apr!AK$6:AK$31,MATCH($A33,Apr!$A$6:$A$31,0)),0)+IFERROR(INDEX(May!AK$6:AK$31,MATCH($A33,May!$A$6:$A$31,0)),0)+IFERROR(INDEX(Jun!AK$6:AK$31,MATCH($A33,Jun!$A$6:$A$31,0)),0)+IFERROR(INDEX(Jul!AK$6:AK$31,MATCH($A33,Jul!$A$6:$A$31,0)),0) -> 0 | J33: =IF(I33>0, 5-I33, "") | K33: =IFERROR(INDEX(Aug!AL$6:AL$31,MATCH($A33,Aug!$A$6:$A$31,0)),0)+IFERROR(INDEX(Sep!AL$6:AL$31,MATCH($A33,Sep!$A$6:$A$31,0)),0)+IFERROR(INDEX(Oct!AL$6:AL$31,MATCH($A33,Oct!$A$6:$A$31,0)),0)+IFERROR(INDEX(Nov!AL$6:AL$31,MATCH($A33,Nov!$A$6:$A$31,0)),0)+IFERROR(INDEX(Dec!AL$6:AL$31,MATCH($A33,Dec!$A$6:$A$31,0)),0)+IFERROR(INDEX(Jan!AL$6:AL$32,MATCH($A33,Jan!$A$6:$A$32,0)),0)+IFERROR(INDEX(Feb!AL$6:AL$28,MATCH($A33,Feb!$A$6:$A$28,0)),0)+IFERROR(INDEX(Mar!AL$6:AL$31,MATCH($A33,Mar!$A$6:$A$31,0)),0)+IFERROR(INDEX(Apr!AL$6:AL$31,MATCH($A33,Apr!$A$6:$A$31,0)),0)+IFERROR(INDEX(May!AL$6:AL$31,MATCH($A33,May!$A$6:$A$31,0)),0)+IFERROR(INDEX(Jun!AL$6:AL$31,MATCH($A33,Jun!$A$6:$A$31,0)),0)+IFERROR(INDEX(Jul!AL$6:AL$31,MATCH($A33,Jul!$A$6:$A$31,0)),0) -> 0 | L33: =IF(K33>0, 5-K33, "") | M33: =IFERROR(INDEX(Aug!AM$6:AM$31,MATCH($A33,Aug!$A$6:$A$31,0)),0)+IFERROR(INDEX(Sep!AM$6:AM$31,MATCH($A33,Sep!$A$6:$A$31,0)),0)+IFERROR(INDEX(Oct!AM$6:AM$31,MATCH($A33,Oct!$A$6:$A$31,0)),0)+IFERROR(INDEX(Nov!AM$6:AM$31,MATCH($A33,Nov!$A$6:$A$31,0)),0)+IFERROR(INDEX(Dec!AM$6:AM$31,MATCH($A33,Dec!$A$6:$A$31,0)),0)+IFERROR(INDEX(Jan!AM$6:AM$32,MATCH($A33,Jan!$A$6:$A$32,0)),0)+IFERROR(INDEX(Feb!AM$6:AM$28,MATCH($A33,Feb!$A$6:$A$28,0)),0)+IFERROR(INDEX(Mar!AM$6:AM$31,MATCH($A33,Mar!$A$6:$A$31,0)),0)+IFERROR(INDEX(Apr!AM$6:AM$31,MATCH($A33,Apr!$A$6:$A$31,0)),0)+IFERROR(INDEX(May!AM$6:AM$31,MATCH($A33,May!$A$6:$A$31,0)),0)+IFERROR(INDEX(Jun!AM$6:AM$31,MATCH($A33,Jun!$A$6:$A$31,0)),0)+IFERROR(INDEX(Jul!AM$6:AM$31,MATCH($A33,Jul!$A$6:$A$31,0)),0) -> 0 | N33: =IF(M33>0, 5-M33, "") | O33: =IFERROR(INDEX(Aug!AN$6:AN$31,MATCH($A33,Aug!$A$6:$A$31,0)),0)+IFERROR(INDEX(Sep!AN$6:AN$31,MATCH($A33,Sep!$A$6:$A$31,0)),0)+IFERROR(INDEX(Oct!AN$6:AN$31,MATCH($A33,Oct!$A$6:$A$31,0)),0)+IFERROR(INDEX(Nov!AN$6:AN$31,MATCH($A33,Nov!$A$6:$A$31,0)),0)+IFERROR(INDEX(Dec!AN$6:AN$31,MATCH($A33,Dec!$A$6:$A$31,0)),0)+IFERROR(INDEX(Jan!AN$6:AN$32,MATCH($A33,Jan!$A$6:$A$32,0)),0)+IFERROR(INDEX(Feb!AN$6:AN$28,MATCH($A33,Feb!$A$6:$A$28,0)),0)+IFERROR(INDEX(Mar!AN$6:AN$31,MATCH($A33,Mar!$A$6:$A$31,0)),0)+IFERROR(INDEX(Apr!AN$6:AN$31,MATCH($A33,Apr!$A$6:$A$31,0)),0)+IFERROR(INDEX(May!AN$6:AN$31,MATCH($A33,May!$A$6:$A$31,0)),0)+IFERROR(INDEX(Jun!AN$6:AN$31,MATCH($A33,Jun!$A$6:$A$31,0)),0)+IFERROR(INDEX(Jul!AN$6:AN$31,MATCH($A33,Jul!$A$6:$A$31,0)),0) -> 0 | P33: =IF(O33>0, 5-O33, "") | Q33: =IFERROR(INDEX(Aug!AO$6:AO$31,MATCH($A33,Aug!$A$6:$A$31,0)),0)+IFERROR(INDEX(Sep!AO$6:AO$31,MATCH($A33,Sep!$A$6:$A$31,0)),0)+IFERROR(INDEX(Oct!AO$6:AO$31,MATCH($A33,Oct!$A$6:$A$31,0)),0)+IFERROR(INDEX(Nov!AO$6:AO$31,MATCH($A33,Nov!$A$6:$A$31,0)),0)+IFERROR(INDEX(Dec!AO$6:AO$31,MATCH($A33,Dec!$A$6:$A$31,0)),0)+IFERROR(INDEX(Jan!AO$6:AO$32,MATCH($A33,Jan!$A$6:$A$32,0)),0)+IFERROR(INDEX(Feb!AO$6:AO$28,MATCH($A33,Feb!$A$6:$A$28,0)),0)+IFERROR(INDEX(Mar!AO$6:AO$31,MATCH($A33,Mar!$A$6:$A$31,0)),0)+IFERROR(INDEX(Apr!AO$6:AO$31,MATCH($A33,Apr!$A$6:$A$31,0)),0)+IFERROR(INDEX(May!AO$6:AO$31,MATCH($A33,May!$A$6:$A$31,0)),0)+IFERROR(INDEX(Jun!AO$6:AO$31,MATCH($A33,Jun!$A$6:$A$31,0)),0)+IFERROR(INDEX(Jul!AO$6:AO$31,MATCH($A33,Jul!$A$6:$A$31,0)),0) -> 0 | R33: =IF(Q33>0, 7-Q33, "") | S33: =C33+E33+G33+I33+K33+M33+O33+Q33 -> 0
T34: ← Insert new rows ABOVE this one, then copy formulas down
B35: Totals | C35: =SUM(C10:C34) -> 0 | D35: 0 | E35: =SUM(E10:E34) -> 2 | F35: 0 | G35: =SUM(G10:G34) -> 0 | H35: 0 | I35: =SUM(I10:I34) -> 0 | J35: 0 | K35: =SUM(K10:K34) -> 0 | L35: 0 | M35: =SUM(M10:M34) -> 4 | N35: 0 | O35: =SUM(O10:O34) -> 0 | P35: 0 | Q35: =SUM(Q10:Q34) -> 0 | S35: =SUM(S10:S34) -> 6
A38: https://www.vertex42.com/templates/employee-leave-tracker.html | S38: © 2020 by Vertex42.com

Sheet Jan
A1: ="January "&YearToDate!$B$3 -> January 2024 | AO1: Employee Leave Tracker
AO2: © 2020 Vertex42.com
A4: Employee | C4: =YearToDate!$A$5 -> A = Annual, S = Sick, M = Maternity, CM = Compationate, T = Terminal leave, ST = Study, E = Examination, CA = Casual | AH4: Totals
C5: =IF(C6="","",INDEX({"Su";"M";"Tu";"W";"Th";"F";"Sa"},WEEKDAY(C6,1))) -> M | D5: =IF(D6="","",INDEX({"Su";"M";"Tu";"W";"Th";"F";"Sa"},WEEKDAY(D6,1))) -> Tu | E5: =IF(E6="","",INDEX({"Su";"M";"Tu";"W";"Th";"F";"Sa"},WEEKDAY(E6,1))) -> W | F5: =IF(F6="","",INDEX({"Su";"M";"Tu";"W";"Th";"F";"Sa"},WEEKDAY(F6,1))) -> Th | G5: =IF(G6="","",INDEX({"Su";"M";"Tu";"W";"Th";"F";"Sa"},WEEKDAY(G6,1))) -> F | H5: =IF(H6="","",INDEX({"Su";"M";"Tu";"W";"Th";"F";"Sa"},WEEKDAY(H6,1))) -> Sa | I5: =IF(I6="","",INDEX({"Su";"M";"Tu";"W";"Th";"F";"Sa"},WEEKDAY(I6,1))) -> Su | J5: =IF(J6="","",INDEX({"Su";"M";"Tu";"W";"Th";"F";"Sa"},WEEKDAY(J6,1))) -> M | ... AG5: =IF(AG6="","",INDEX({"Su";"M";"Tu";"W";"Th";"F";"Sa"},WEEKDAY(AG6,1))) -> W
A6: ID | B6: Name | C6: =DATE(YearToDate!$B$3,1,1) -> 45292 | D6: =C6+1 -> 45293 | E6: =D6+1 -> 45294 | F6: =E6+1 -> 45295 | G6: =F6+1 -> 45296 | H6: =G6+1 -> 45297 | I6: =H6+1 -> 45298 | J6: =I6+1 -> 45299 | K6: =J6+1 -> 45300 | ... AD6: =AC6+1 -> 45319 | AE6: =IF(MONTH($AD6+1)>MONTH($C$6),"",$AD6+1) -> 45320 | AF6: =IF(MONTH($AD6+2)>MONTH($C$6),"",$AD6+2) -> 45321 | AG6: =IF(MONTH($AD6+3)>MONTH($C$6),"",$AD6+3) -> 45322 | AH6: =YearToDate!C9 -> A | AI6: =YearToDate!E9 -> S | AJ6: =YearToDate!G9 -> M | AK6: =YearToDate!I9 -> CM | AL6: =YearToDate!K9 -> T | AM6: =YearToDate!M9 -> ST | AN6: =YearToDate!O9 -> E | AO6: =YearToDate!Q9 -> CA
A7: =YearToDate!A10 -> 1 | B7: =VLOOKUP(A7,YearToDate!$A$9:$B$34,2,0) -> AHMAN ABDULJABBAR | AH7: =COUNTIF($C7:$AG7,AH$6)+0.5*COUNTIF($C7:$AG7,AH$6&"H")+0.5*COUNTIF($C7:$AG7,"H"&AH$6) -> 0 | AI7: =COUNTIF($C7:$AG7,AI$6)+0.5*COUNTIF($C7:$AG7,AI$6&"H")+0.5*COUNTIF($C7:$AG7,"H"&AI$6) -> 0 | AJ7: =COUNTIF($C7:$AG7,AJ$6)+0.5*COUNTIF($C7:$AG7,AJ$6&"H")+0.5*COUNTIF($C7:$AG7,"H"&AJ$6) -> 0 | AK7: =COUNTIF($C7:$AG7,AK$6)+0.5*COUNTIF($C7:$AG7,AK$6&"H")+0.5*COUNTIF($C7:$AG7,"H"&AK$6) -> 0 | AL7: =COUNTIF($C7:$AG7,AL$6)+0.5*COUNTIF($C7:$AG7,AL$6&"H")+0.5*COUNTIF($C7:$AG7,"H"&AL$6) -> 0 | AM7: =COUNTIF($C7:$AG7,AM$6)+0.5*COUNTIF($C7:$AG7,AM$6&"H")+0.5*COUNTIF($C7:$AG7,"H"&AM$6) -> 0 | AN7: =COUNTIF($C7:$AG7,AN$6)+0.5*COUNTIF($C7:$AG7,AN$6&"H")+0.5*COUNTIF($C7:$AG7,"H"&AN$6) -> 0 | AO7: =COUNTIF($C7:$AG7,AO$6)+0.5*COUNTIF($C7:$AG7,AO$6&"H")+0.5*COUNTIF($C7:$AG7,"H"&AO$6) -> 0
A8: =YearToDate!A11 -> 2 | B8: =VLOOKUP(A8,YearToDate!$A$9:$B$34,2,0) -> ALIYU MUSA ABUBAKAR | AH8: =COUNTIF($C8:$AG8,AH$6)+0.5*COUNTIF($C8:$AG8,AH$6&"H")+0.5*COUNTIF($C8:$AG8,"H"&AH$6) -> 0 | AI8: =COUNTIF($C8:$AG8,AI$6)+0.5*COUNTIF($C8:$AG8,AI$6&"H")+0.5*COUNTIF($C8:$AG8,"H"&AI$6) -> 0 | AJ8: =COUNTIF($C8:$AG8,AJ$6)+0.5*COUNTIF($C8:$AG8,AJ$6&"H")+0.5*COUNTIF($C8:$AG8,"H"&AJ$6) -> 0 | AK8: =COUNTIF($C8:$AG8,AK$6)+0.5*COUNTIF($C8:$AG8,AK$6&"H")+0.5*COUNTIF($C8:$AG8,"H"&AK$6) -> 0 | AL8: =COUNTIF($C8:$AG8,AL$6)+0.5*COUNTIF($C8:$AG8,AL$6&"H")+0.5*COUNTIF($C8:$AG8,"H"&AL$6) -> 0 | AM8: =COUNTIF($C8:$AG8,AM$6)+0.5*COUNTIF($C8:$AG8,AM$6&"H")+0.5*COUNTIF($C8:$AG8,"H"&AM$6) -> 0 | AN8: =COUNTIF($C8:$AG8,AN$6)+0.5*COUNTIF($C8:$AG8,AN$6&"H")+0.5*COUNTIF($C8:$AG8,"H"&AN$6) -> 0 | AO8: =COUNTIF($C8:$AG8,AO$6)+0.5*COUNTIF($C8:$AG8,AO$6&"H")+0.5*COUNTIF($C8:$AG8,"H"&AO$6) -> 0
A9: =YearToDate!A12 -> 3 | B9: =VLOOKUP(A9,YearToDate!$A$9:$B$34,2,0) -> GOSTA ALIYU | AH9: =COUNTIF($C9:$AG9,AH$6)+0.5*COUNTIF($C9:$AG9,AH$6&"H")+0.5*COUNTIF($C9:$AG9,"H"&AH$6) -> 0 | AI9: =COUNTIF($C9:$AG9,AI$6)+0.5*COUNTIF($C9:$AG9,AI$6&"H")+0.5*COUNTIF($C9:$AG9,"H"&AI$6) -> 0 | AJ9: =COUNTIF($C9:$AG9,AJ$6)+0.5*COUNTIF($C9:$AG9,AJ$6&"H")+0.5*COUNTIF($C9:$AG9,"H"&AJ$6) -> 0 | AK9: =COUNTIF($C9:$AG9,AK$6)+0.5*COUNTIF($C9:$AG9,AK$6&"H")+0.5*COUNTIF($C9:$AG9,"H"&AK$6) -> 0 | AL9: =COUNTIF($C9:$AG9,AL$6)+0.5*COUNTIF($C9:$AG9,AL$6&"H")+0.5*COUNTIF($C9:$AG9,"H"&AL$6) -> 0 | AM9: =COUNTIF($C9:$AG9,AM$6)+0.5*COUNTIF($C9:$AG9,AM$6&"H")+0.5*COUNTIF($C9:$AG9,"H"&AM$6) -> 0 | AN9: =COUNTIF($C9:$AG9,AN$6)+0.5*COUNTIF($C9:$AG9,AN$6&"H")+0.5*COUNTIF($C9:$AG9,"H"&AN$6) -> 0 | AO9: =COUNTIF($C9:$AG9,AO$6)+0.5*COUNTIF($C9:$AG9,AO$6&"H")+0.5*COUNTIF($C9:$AG9,"H"&AO$6) -> 0
A10: =YearToDate!A13 -> 4 | B10: =VLOOKUP(A10,YearToDate!$A$9:$B$34,2,0) -> IBRAHIM TUKURA RILWAN | AH10: =COUNTIF($C10:$AG10,AH$6)+0.5*COUNTIF($C10:$AG10,AH$6&"H")+0.5*COUNTIF($C10:$AG10,"H"&AH$6) -> 0 | AI10: =COUNTIF($C10:$AG10,AI$6)+0.5*COUNTIF($C10:$AG10,AI$6&"H")+0.5*COUNTIF($C10:$AG10,"H"&AI$6) -> 0 | AJ10: =COUNTIF($C10:$AG10,AJ$6)+0.5*COUNTIF($C10:$AG10,AJ$6&"H")+0.5*COUNTIF($C10:$AG10,"H"&AJ$6) -> 0 | AK10: =COUNTIF($C10:$AG10,AK$6)+0.5*COUNTIF($C10:$AG10,AK$6&"H")+0.5*COUNTIF($C10:$AG10,"H"&AK$6) -> 0 | AL10: =COUNTIF($C10:$AG10,AL$6)+0.5*COUNTIF($C10:$AG10,AL$6&"H")+0.5*COUNTIF($C10:$AG10,"H"&AL$6) -> 0 | AM10: =COUNTIF($C10:$AG10,AM$6)+0.5*COUNTIF($C10:$AG10,AM$6&"H")+0.5*COUNTIF($C10:$AG10,"H"&AM$6) -> 0 | AN10: =COUNTIF($C10:$AG10,AN$6)+0.5*COUNTIF($C10:$AG10,AN$6&"H")+0.5*COUNTIF($C10:$AG10,"H"&AN$6) -> 0 | AO10: =COUNTIF($C10:$AG10,AO$6)+0.5*COUNTIF($C10:$AG10,AO$6&"H")+0.5*COUNTIF($C10:$AG10,"H"&AO$6) -> 0
A11: =YearToDate!A14 -> 5 | B11: =VLOOKUP(A11,YearToDate!$A$9:$B$34,2,0) -> HASSAN HABEEB | AH11: =COUNTIF($C11:$AG11,AH$6)+0.5*COUNTIF($C11:$AG11,AH$6&"H")+0.5*COUNTIF($C11:$AG11,"H"&AH$6) -> 0 | AI11: =COUNTIF($C11:$AG11,AI$6)+0.5*COUNTIF($C11:$AG11,AI$6&"H")+0.5*COUNTIF($C11:$AG11,"H"&AI$6) -> 0 | AJ11: =COUNTIF($C11:$AG11,AJ$6)+0.5*COUNTIF($C11:$AG11,AJ$6&"H")+0.5*COUNTIF($C11:$AG11,"H"&AJ$6) -> 0 | AK11: =COUNTIF($C11:$AG11,AK$6)+0.5*COUNTIF($C11:$AG11,AK$6&"H")+0.5*COUNTIF($C11:$AG11,"H"&AK$6) -> 0 | AL11: =COUNTIF($C11:$AG11,AL$6)+0.5*COUNTIF($C11:$AG11,AL$6&"H")+0.5*COUNTIF($C11:$AG11,"H"&AL$6) -> 0 | AM11: =COUNTIF($C11:$AG11,AM$6)+0.5*COUNTIF($C11:$AG11,AM$6&"H")+0.5*COUNTIF($C11:$AG11,"H"&AM$6) -> 0 | AN11: =COUNTIF($C11:$AG11,AN$6)+0.5*COUNTIF($C11:$AG11,AN$6&"H")+0.5*COUNTIF($C11:$AG11,"H"&AN$6) -> 0 | AO11: =COUNTIF($C11:$AG11,AO$6)+0.5*COUNTIF($C11:$AG11,AO$6&"H")+0.5*COUNTIF($C11:$AG11,"H"&AO$6) -> 0
A12: =YearToDate!A15 -> 6 | B12: SHEHU NABILA | AA12: S | AF12: S | AH12: =COUNTIF($C12:$AG12,AH$6)+0.5*COUNTIF($C12:$AG12,AH$6&"H")+0.5*COUNTIF($C12:$AG12,"H"&AH$6) -> 0 | AI12: =COUNTIF($C12:$AG12,AI$6)+0.5*COUNTIF($C12:$AG12,AI$6&"H")+0.5*COUNTIF($C12:$AG12,"H"&AI$6) -> 2 | AJ12: =COUNTIF($C12:$AG12,AJ$6)+0.5*COUNTIF($C12:$AG12,AJ$6&"H")+0.5*COUNTIF($C12:$AG12,"H"&AJ$6) -> 0 | AK12: =COUNTIF($C12:$AG12,AK$6)+0.5*COUNTIF($C12:$AG12,AK$6&"H")+0.5*COUNTIF($C12:$AG12,"H"&AK$6) -> 0 | AL12: =COUNTIF($C12:$AG12,AL$6)+0.5*COUNTIF($C12:$AG12,AL$6&"H")+0.5*COUNTIF($C12:$AG12,"H"&AL$6) -> 0 | AM12: =COUNTIF($C12:$AG12,AM$6)+0.5*COUNTIF($C12:$AG12,AM$6&"H")+0.5*COUNTIF($C12:$AG12,"H"&AM$6) -> 0 | AN12: =COUNTIF($C12:$AG12,AN$6)+0.5*COUNTIF($C12:$AG12,AN$6&"H")+0.5*COUNTIF($C12:$AG12,"H"&AN$6) -> 0 | AO12: =COUNTIF($C12:$AG12,AO$6)+0.5*COUNTIF($C12:$AG12,AO$6&"H")+0.5*COUNTIF($C12:$AG12,"H"&AO$6) -> 0
A13: =YearToDate!A16 -> 7 | B13: SULEMAN IBRAHIM | G13: ST | H13: ST | T13: ST | U13: ST | AH13: =COUNTIF($C13:$AG13,AH$6)+0.5*COUNTIF($C13:$AG13,AH$6&"H")+0.5*COUNTIF($C13:$AG13,"H"&AH$6) -> 0 | AI13: =COUNTIF($C13:$AG13,AI$6)+0.5*COUNTIF($C13:$AG13,AI$6&"H")+0.5*COUNTIF($C13:$AG13,"H"&AI$6) -> 0 | AJ13: =COUNTIF($C13:$AG13,AJ$6)+0.5*COUNTIF($C13:$AG13,AJ$6&"H")+0.5*COUNTIF($C13:$AG13,"H"&AJ$6) -> 0 | AK13: =COUNTIF($C13:$AG13,AK$6)+0.5*COUNTIF($C13:$AG13,AK$6&"H")+0.5*COUNTIF($C13:$AG13,"H"&AK$6) -> 0 | AL13: =COUNTIF($C13:$AG13,AL$6)+0.5*COUNTIF($C13:$AG13,AL$6&"H")+0.5*COUNTIF($C13:$AG13,"H"&AL$6) -> 0 | AM13: =COUNTIF($C13:$AG13,AM$6)+0.5*COUNTIF($C13:$AG13,AM$6&"H")+0.5*COUNTIF($C13:$AG13,"H"&AM$6) -> 4 | AN13: =COUNTIF($C13:$AG13,AN$6)+0.5*COUNTIF($C13:$AG13,AN$6&"H")+0.5*COUNTIF($C13:$AG13,"H"&AN$6) -> 0 | AO13: =COUNTIF($C13:$AG13,AO$6)+0.5*COUNTIF($C13:$AG13,AO$6&"H")+0.5*COUNTIF($C13:$AG13,"H"&AO$6) -> 0
A14: =YearToDate!A17 -> 8 | B14: EMMANUELA LONGJAP | AH14: =COUNTIF($C14:$AG14,AH$6)+0.5*COUNTIF($C14:$AG14,AH$6&"H")+0.5*COUNTIF($C14:$AG14,"H"&AH$6) -> 0 | AI14: =COUNTIF($C14:$AG14,AI$6)+0.5*COUNTIF($C14:$AG14,AI$6&"H")+0.5*COUNTIF($C14:$AG14,"H"&AI$6) -> 0 | AJ14: =COUNTIF($C14:$AG14,AJ$6)+0.5*COUNTIF($C14:$AG14,AJ$6&"H")+0.5*COUNTIF($C14:$AG14,"H"&AJ$6) -> 0 | AK14: =COUNTIF($C14:$AG14,AK$6)+0.5*COUNTIF($C14:$AG14,AK$6&"H")+0.5*COUNTIF($C14:$AG14,"H"&AK$6) -> 0 | AL14: =COUNTIF($C14:$AG14,AL$6)+0.5*COUNTIF($C14:$AG14,AL$6&"H")+0.5*COUNTIF($C14:$AG14,"H"&AL$6) -> 0 | AM14: =COUNTIF($C14:$AG14,AM$6)+0.5*COUNTIF($C14:$AG14,AM$6&"H")+0.5*COUNTIF($C14:$AG14,"H"&AM$6) -> 0 | AN14: =COUNTIF($C14:$AG14,AN$6)+0.5*COUNTIF($C14:$AG14,AN$6&"H")+0.5*COUNTIF($C14:$AG14,"H"&AN$6) -> 0 | AO14: =COUNTIF($C14:$AG14,AO$6)+0.5*COUNTIF($C14:$AG14,AO$6&"H")+0.5*COUNTIF($C14:$AG14,"H"&AO$6) -> 0
A15: =YearToDate!A18 -> 9 | B15: OLUCHI EZE | AH15: =COUNTIF($C15:$AG15,AH$6)+0.5*COUNTIF($C15:$AG15,AH$6&"H")+0.5*COUNTIF($C15:$AG15,"H"&AH$6) -> 0 | AI15: =COUNTIF($C15:$AG15,AI$6)+0.5*COUNTIF($C15:$AG15,AI$6&"H")+0.5*COUNTIF($C15:$AG15,"H"&AI$6) -> 0 | AJ15: =COUNTIF($C15:$AG15,AJ$6)+0.5*COUNTIF($C15:$AG15,AJ$6&"H")+0.5*COUNTIF($C15:$AG15,"H"&AJ$6) -> 0 | AK15: =COUNTIF($C15:$AG15,AK$6)+0.5*COUNTIF($C15:$AG15,AK$6&"H")+0.5*COUNTIF($C15:$AG15,"H"&AK$6) -> 0 | AL15: =COUNTIF($C15:$AG15,AL$6)+0.5*COUNTIF($C15:$AG15,AL$6&"H")+0.5*COUNTIF($C15:$AG15,"H"&AL$6) -> 0 | AM15: =COUNTIF($C15:$AG15,AM$6)+0.5*COUNTIF($C15:$AG15,AM$6&"H")+0.5*COUNTIF($C15:$AG15,"H"&AM$6) -> 0 | AN15: =COUNTIF($C15:$AG15,AN$6)+0.5*COUNTIF($C15:$AG15,AN$6&"H")+0.5*COUNTIF($C15:$AG15,"H"&AN$6) -> 0 | AO15: =COUNTIF($C15:$AG15,AO$6)+0.5*COUNTIF($C15:$AG15,AO$6&"H")+0.5*COUNTIF($C15:$AG15,"H"&AO$6) -> 0
A16: =YearToDate!A19 -> 10 | B16: NURA ABDULLAHI | AH16: =COUNTIF($C16:$AG16,AH$6)+0.5*COUNTIF($C16:$AG16,AH$6&"H")+0.5*COUNTIF($C16:$AG16,"H"&AH$6) -> 0 | AI16: =COUNTIF($C16:$AG16,AI$6)+0.5*COUNTIF($C16:$AG16,AI$6&"H")+0.5*COUNTIF($C16:$AG16,"H"&AI$6) -> 0 | AJ16: =COUNTIF($C16:$AG16,AJ$6)+0.5*COUNTIF($C16:$AG16,AJ$6&"H")+0.5*COUNTIF($C16:$AG16,"H"&AJ$6) -> 0 | AK16: =COUNTIF($C16:$AG16,AK$6)+0.5*COUNTIF($C16:$AG16,AK$6&"H")+0.5*COUNTIF($C16:$AG16,"H"&AK$6) -> 0 | AL16: =COUNTIF($C16:$AG16,AL$6)+0.5*COUNTIF($C16:$AG16,AL$6&"H")+0.5*COUNTIF($C16:$AG16,"H"&AL$6) -> 0 | AM16: =COUNTIF($C16:$AG16,AM$6)+0.5*COUNTIF($C16:$AG16,AM$6&"H")+0.5*COUNTIF($C16:$AG16,"H"&AM$6) -> 0 | AN16: =COUNTIF($C16:$AG16,AN$6)+0.5*COUNTIF($C16:$AG16,AN$6&"H")+0.5*COUNTIF($C16:$AG16,"H"&AN$6) -> 0 | AO16: =COUNTIF($C16:$AG16,AO$6)+0.5*COUNTIF($C16:$AG16,AO$6&"H")+0.5*COUNTIF($C16:$AG16,"H"&AO$6) -> 0
A17: =YearToDate!A20 -> 11 | B17: VERA EGELAMBA EZINNE | AH17: =COUNTIF($C17:$AG17,AH$6)+0.5*COUNTIF($C17:$AG17,AH$6&"H")+0.5*COUNTIF($C17:$AG17,"H"&AH$6) -> 0 | AI17: =COUNTIF($C17:$AG17,AI$6)+0.5*COUNTIF($C17:$AG17,AI$6&"H")+0.5*COUNTIF($C17:$AG17,"H"&AI$6) -> 0 | AJ17: =COUNTIF($C17:$AG17,AJ$6)+0.5*COUNTIF($C17:$AG17,AJ$6&"H")+0.5*COUNTIF($C17:$AG17,"H"&AJ$6) -> 0 | AK17: =COUNTIF($C17:$AG17,AK$6)+0.5*COUNTIF($C17:$AG17,AK$6&"H")+0.5*COUNTIF($C17:$AG17,"H"&AK$6) -> 0 | AL17: =COUNTIF($C17:$AG17,AL$6)+0.5*COUNTIF($C17:$AG17,AL$6&"H")+0.5*COUNTIF($C17:$AG17,"H"&AL$6) -> 0 | AM17: =COUNTIF($C17:$AG17,AM$6)+0.5*COUNTIF($C17:$AG17,AM$6&"H")+0.5*COUNTIF($C17:$AG17,"H"&AM$6) -> 0 | AN17: =COUNTIF($C17:$AG17,AN$6)+0.5*COUNTIF($C17:$AG17,AN$6&"H")+0.5*COUNTIF($C17:$AG17,"H"&AN$6) -> 0 | AO17: =COUNTIF($C17:$AG17,AO$6)+0.5*COUNTIF($C17:$AG17,AO$6&"H")+0.5*COUNTIF($C17:$AG17,"H"&AO$6) -> 0
A18: =YearToDate!A21 -> 18 | AH18: =COUNTIF($C18:$AG18,AH$6)+0.5*COUNTIF($C18:$AG18,AH$6&"H")+0.5*COUNTIF($C18:$AG18,"H"&AH$6) -> 0 | AI18: =COUNTIF($C18:$AG18,AI$6)+0.5*COUNTIF($C18:$AG18,AI$6&"H")+0.5*COUNTIF($C18:$AG18,"H"&AI$6) -> 0 | AJ18: =COUNTIF($C18:$AG18,AJ$6)+0.5*COUNTIF($C18:$AG18,AJ$6&"H")+0.5*COUNTIF($C18:$AG18,"H"&AJ$6) -> 0 | AK18: =COUNTIF($C18:$AG18,AK$6)+0.5*COUNTIF($C18:$AG18,AK$6&"H")+0.5*COUNTIF($C18:$AG18,"H"&AK$6) -> 0 | AL18: =COUNTIF($C18:$AG18,AL$6)+0.5*COUNTIF($C18:$AG18,AL$6&"H")+0.5*COUNTIF($C18:$AG18,"H"&AL$6) -> 0 | AM18: =COUNTIF($C18:$AG18,AM$6)+0.5*COUNTIF($C18:$AG18,AM$6&"H")+0.5*COUNTIF($C18:$AG18,"H"&AM$6) -> 0 | AN18: =COUNTIF($C18:$AG18,AN$6)+0.5*COUNTIF($C18:$AG18,AN$6&"H")+0.5*COUNTIF($C18:$AG18,"H"&AN$6) -> 0 | AO18: =COUNTIF($C18:$AG18,AO$6)+0.5*COUNTIF($C18:$AG18,AO$6&"H")+0.5*COUNTIF($C18:$AG18,"H"&AO$6) -> 0
A19: =YearToDate!A22 -> 19 | AH19: =COUNTIF($C19:$AG19,AH$6)+0.5*COUNTIF($C19:$AG19,AH$6&"H")+0.5*COUNTIF($C19:$AG19,"H"&AH$6) -> 0 | AI19: =COUNTIF($C19:$AG19,AI$6)+0.5*COUNTIF($C19:$AG19,AI$6&"H")+0.5*COUNTIF($C19:$AG19,"H"&AI$6) -> 0 | AJ19: =COUNTIF($C19:$AG19,AJ$6)+0.5*COUNTIF($C19:$AG19,AJ$6&"H")+0.5*COUNTIF($C19:$AG19,"H"&AJ$6) -> 0 | AK19: =COUNTIF($C19:$AG19,AK$6)+0.5*COUNTIF($C19:$AG19,AK$6&"H")+0.5*COUNTIF($C19:$AG19,"H"&AK$6) -> 0 | AL19: =COUNTIF($C19:$AG19,AL$6)+0.5*COUNTIF($C19:$AG19,AL$6&"H")+0.5*COUNTIF($C19:$AG19,"H"&AL$6) -> 0 | AM19: =COUNTIF($C19:$AG19,AM$6)+0.5*COUNTIF($C19:$AG19,AM$6&"H")+0.5*COUNTIF($C19:$AG19,"H"&AM$6) -> 0 | AN19: =COUNTIF($C19:$AG19,AN$6)+0.5*COUNTIF($C19:$AG19,AN$6&"H")+0.5*COUNTIF($C19:$AG19,"H"&AN$6) -> 0 | AO19: =COUNTIF($C19:$AG19,AO$6)+0.5*COUNTIF($C19:$AG19,AO$6&"H")+0.5*COUNTIF($C19:$AG19,"H"&AO$6) -> 0
A20: =YearToDate!A23 -> 20 | AH20: =COUNTIF($C20:$AG20,AH$6)+0.5*COUNTIF($C20:$AG20,AH$6&"H")+0.5*COUNTIF($C20:$AG20,"H"&AH$6) -> 0 | AI20: =COUNTIF($C20:$AG20,AI$6)+0.5*COUNTIF($C20:$AG20,AI$6&"H")+0.5*COUNTIF($C20:$AG20,"H"&AI$6) -> 0 | AJ20: =COUNTIF($C20:$AG20,AJ$6)+0.5*COUNTIF($C20:$AG20,AJ$6&"H")+0.5*COUNTIF($C20:$AG20,"H"&AJ$6) -> 0 | AK20: =COUNTIF($C20:$AG20,AK$6)+0.5*COUNTIF($C20:$AG20,AK$6&"H")+0.5*COUNTIF($C20:$AG20,"H"&AK$6) -> 0 | AL20: =COUNTIF($C20:$AG20,AL$6)+0.5*COUNTIF($C20:$AG20,AL$6&"H")+0.5*COUNTIF($C20:$AG20,"H"&AL$6) -> 0 | AM20: =COUNTIF($C20:$AG20,AM$6)+0.5*COUNTIF($C20:$AG20,AM$6&"H")+0.5*COUNTIF($C20:$AG20,"H"&AM$6) -> 0 | AN20: =COUNTIF($C20:$AG20,AN$6)+0.5*COUNTIF($C20:$AG20,AN$6&"H")+0.5*COUNTIF($C20:$AG20,"H"&AN$6) -> 0 | AO20: =COUNTIF($C20:$AG20,AO$6)+0.5*COUNTIF($C20:$AG20,AO$6&"H")+0.5*COUNTIF($C20:$AG20,"H"&AO$6) -> 0
A21: =YearToDate!A24 -> 21 | B21: =VLOOKUP(A21,YearToDate!$A$9:$B$34,2,0) -> 0 | AH21: =COUNTIF($C21:$AG21,AH$6)+0.5*COUNTIF($C21:$AG21,AH$6&"H")+0.5*COUNTIF($C21:$AG21,"H"&AH$6) -> 0 | AI21: =COUNTIF($C21:$AG21,AI$6)+0.5*COUNTIF($C21:$AG21,AI$6&"H")+0.5*COUNTIF($C21:$AG21,"H"&AI$6) -> 0 | AJ21: =COUNTIF($C21:$AG21,AJ$6)+0.5*COUNTIF($C21:$AG21,AJ$6&"H")+0.5*COUNTIF($C21:$AG21,"H"&AJ$6) -> 0 | AK21: =COUNTIF($C21:$AG21,AK$6)+0.5*COUNTIF($C21:$AG21,AK$6&"H")+0.5*COUNTIF($C21:$AG21,"H"&AK$6) -> 0 | AL21: =COUNTIF($C21:$AG21,AL$6)+0.5*COUNTIF($C21:$AG21,AL$6&"H")+0.5*COUNTIF($C21:$AG21,"H"&AL$6) -> 0 | AM21: =COUNTIF($C21:$AG21,AM$6)+0.5*COUNTIF($C21:$AG21,AM$6&"H")+0.5*COUNTIF($C21:$AG21,"H"&AM$6) -> 0 | AN21: =COUNTIF($C21:$AG21,AN$6)+0.5*COUNTIF($C21:$AG21,AN$6&"H")+0.5*COUNTIF($C21:$AG21,"H"&AN$6) -> 0 | AO21: =COUNTIF($C21:$AG21,AO$6)+0.5*COUNTIF($C21:$AG21,AO$6&"H")+0.5*COUNTIF($C21:$AG21,"H"&AO$6) -> 0
A22: =YearToDate!A25 -> 22 | B22: =VLOOKUP(A22,YearToDate!$A$9:$B$34,2,0) -> 0 | AH22: =COUNTIF($C22:$AG22,AH$6)+0.5*COUNTIF($C22:$AG22,AH$6&"H")+0.5*COUNTIF($C22:$AG22,"H"&AH$6) -> 0 | AI22: =COUNTIF($C22:$AG22,AI$6)+0.5*COUNTIF($C22:$AG22,AI$6&"H")+0.5*COUNTIF($C22:$AG22,"H"&AI$6) -> 0 | AJ22: =COUNTIF($C22:$AG22,AJ$6)+0.5*COUNTIF($C22:$AG22,AJ$6&"H")+0.5*COUNTIF($C22:$AG22,"H"&AJ$6) -> 0 | AK22: =COUNTIF($C22:$AG22,AK$6)+0.5*COUNTIF($C22:$AG22,AK$6&"H")+0.5*COUNTIF($C22:$AG22,"H"&AK$6) -> 0 | AL22: =COUNTIF($C22:$AG22,AL$6)+0.5*COUNTIF($C22:$AG22,AL$6&"H")+0.5*COUNTIF($C22:$AG22,"H"&AL$6) -> 0 | AM22: =COUNTIF($C22:$AG22,AM$6)+0.5*COUNTIF($C22:$AG22,AM$6&"H")+0.5*COUNTIF($C22:$AG22,"H"&AM$6) -> 0 | AN22: =COUNTIF($C22:$AG22,AN$6)+0.5*COUNTIF($C22:$AG22,AN$6&"H")+0.5*COUNTIF($C22:$AG22,"H"&AN$6) -> 0 | AO22: =COUNTIF($C22:$AG22,AO$6)+0.5*COUNTIF($C22:$AG22,AO$6&"H")+0.5*COUNTIF($C22:$AG22,"H"&AO$6) -> 0
A23: =YearToDate!A26 -> 23 | B23: =VLOOKUP(A23,YearToDate!$A$9:$B$34,2,0) -> 0 | AH23: =COUNTIF($C23:$AG23,AH$6)+0.5*COUNTIF($C23:$AG23,AH$6&"H")+0.5*COUNTIF($C23:$AG23,"H"&AH$6) -> 0 | AI23: =COUNTIF($C23:$AG23,AI$6)+0.5*COUNTIF($C23:$AG23,AI$6&"H")+0.5*COUNTIF($C23:$AG23,"H"&AI$6) -> 0 | AJ23: =COUNTIF($C23:$AG23,AJ$6)+0.5*COUNTIF($C23:$AG23,AJ$6&"H")+0.5*COUNTIF($C23:$AG23,"H"&AJ$6) -> 0 | AK23: =COUNTIF($C23:$AG23,AK$6)+0.5*COUNTIF($C23:$AG23,AK$6&"H")+0.5*COUNTIF($C23:$AG23,"H"&AK$6) -> 0 | AL23: =COUNTIF($C23:$AG23,AL$6)+0.5*COUNTIF($C23:$AG23,AL$6&"H")+0.5*COUNTIF($C23:$AG23,"H"&AL$6) -> 0 | AM23: =COUNTIF($C23:$AG23,AM$6)+0.5*COUNTIF($C23:$AG23,AM$6&"H")+0.5*COUNTIF($C23:$AG23,"H"&AM$6) -> 0 | AN23: =COUNTIF($C23:$AG23,AN$6)+0.5*COUNTIF($C23:$AG23,AN$6&"H")+0.5*COUNTIF($C23:$AG23,"H"&AN$6) -> 0 | AO23: =COUNTIF($C23:$AG23,AO$6)+0.5*COUNTIF($C23:$AG23,AO$6&"H")+0.5*COUNTIF($C23:$AG23,"H"&AO$6) -> 0
A24: =YearToDate!A27 -> 24 | B24: =VLOOKUP(A24,YearToDate!$A$9:$B$34,2,0) -> 0 | AH24: =COUNTIF($C24:$AG24,AH$6)+0.5*COUNTIF($C24:$AG24,AH$6&"H")+0.5*COUNTIF($C24:$AG24,"H"&AH$6) -> 0 | AI24: =COUNTIF($C24:$AG24,AI$6)+0.5*COUNTIF($C24:$AG24,AI$6&"H")+0.5*COUNTIF($C24:$AG24,"H"&AI$6) -> 0 | AJ24: =COUNTIF($C24:$AG24,AJ$6)+0.5*COUNTIF($C24:$AG24,AJ$6&"H")+0.5*COUNTIF($C24:$AG24,"H"&AJ$6) -> 0 | AK24: =COUNTIF($C24:$AG24,AK$6)+0.5*COUNTIF($C24:$AG24,AK$6&"H")+0.5*COUNTIF($C24:$AG24,"H"&AK$6) -> 0 | AL24: =COUNTIF($C24:$AG24,AL$6)+0.5*COUNTIF($C24:$AG24,AL$6&"H")+0.5*COUNTIF($C24:$AG24,"H"&AL$6) -> 0 | AM24: =COUNTIF($C24:$AG24,AM$6)+0.5*COUNTIF($C24:$AG24,AM$6&"H")+0.5*COUNTIF($C24:$AG24,"H"&AM$6) -> 0 | AN24: =COUNTIF($C24:$AG24,AN$6)+0.5*COUNTIF($C24:$AG24,AN$6&"H")+0.5*COUNTIF($C24:$AG24,"H"&AN$6) -> 0 | AO24: =COUNTIF($C24:$AG24,AO$6)+0.5*COUNTIF($C24:$AG24,AO$6&"H")+0.5*COUNTIF($C24:$AG24,"H"&AO$6) -> 0
A25: =YearToDate!A28 -> 25 | B25: =VLOOKUP(A25,YearToDate!$A$9:$B$34,2,0) -> 0 | AH25: =COUNTIF($C25:$AG25,AH$6)+0.5*COUNTIF($C25:$AG25,AH$6&"H")+0.5*COUNTIF($C25:$AG25,"H"&AH$6) -> 0 | AI25: =COUNTIF($C25:$AG25,AI$6)+0.5*COUNTIF($C25:$AG25,AI$6&"H")+0.5*COUNTIF($C25:$AG25,"H"&AI$6) -> 0 | AJ25: =COUNTIF($C25:$AG25,AJ$6)+0.5*COUNTIF($C25:$AG25,AJ$6&"H")+0.5*COUNTIF($C25:$AG25,"H"&AJ$6) -> 0 | AK25: =COUNTIF($C25:$AG25,AK$6)+0.5*COUNTIF($C25:$AG25,AK$6&"H")+0.5*COUNTIF($C25:$AG25,"H"&AK$6) -> 0 | AL25: =COUNTIF($C25:$AG25,AL$6)+0.5*COUNTIF($C25:$AG25,AL$6&"H")+0.5*COUNTIF($C25:$AG25,"H"&AL$6) -> 0 | AM25: =COUNTIF($C25:$AG25,AM$6)+0.5*COUNTIF($C25:$AG25,AM$6&"H")+0.5*COUNTIF($C25:$AG25,"H"&AM$6) -> 0 | AN25: =COUNTIF($C25:$AG25,AN$6)+0.5*COUNTIF($C25:$AG25,AN$6&"H")+0.5*COUNTIF($C25:$AG25,"H"&AN$6) -> 0 | AO25: =COUNTIF($C25:$AG25,AO$6)+0.5*COUNTIF($C25:$AG25,AO$6&"H")+0.5*COUNTIF($C25:$AG25,"H"&AO$6) -> 0
A26: =YearToDate!A29 -> 26 | B26: =VLOOKUP(A26,YearToDate!$A$9:$B$34,2,0) -> 0 | AH26: =COUNTIF($C26:$AG26,AH$6)+0.5*COUNTIF($C26:$AG26,AH$6&"H")+0.5*COUNTIF($C26:$AG26,"H"&AH$6) -> 0 | AI26: =COUNTIF($C26:$AG26,AI$6)+0.5*COUNTIF($C26:$AG26,AI$6&"H")+0.5*COUNTIF($C26:$AG26,"H"&AI$6) -> 0 | AJ26: =COUNTIF($C26:$AG26,AJ$6)+0.5*COUNTIF($C26:$AG26,AJ$6&"H")+0.5*COUNTIF($C26:$AG26,"H"&AJ$6) -> 0 | AK26: =COUNTIF($C26:$AG26,AK$6)+0.5*COUNTIF($C26:$AG26,AK$6&"H")+0.5*COUNTIF($C26:$AG26,"H"&AK$6) -> 0 | AL26: =COUNTIF($C26:$AG26,AL$6)+0.5*COUNTIF($C26:$AG26,AL$6&"H")+0.5*COUNTIF($C26:$AG26,"H"&AL$6) -> 0 | AM26: =COUNTIF($C26:$AG26,AM$6)+0.5*COUNTIF($C26:$AG26,AM$6&"H")+0.5*COUNTIF($C26:$AG26,"H"&AM$6) -> 0 | AN26: =COUNTIF($C26:$AG26,AN$6)+0.5*COUNTIF($C26:$AG26,AN$6&"H")+0.5*COUNTIF($C26:$AG26,"H"&AN$6) -> 0 | AO26: =COUNTIF($C26:$AG26,AO$6)+0.5*COUNTIF($C26:$AG26,AO$6&"H")+0.5*COUNTIF($C26:$AG26,"H"&AO$6) -> 0
A27: =YearToDate!A30 -> 27 | B27: =VLOOKUP(A27,YearToDate!$A$9:$B$34,2,0) -> 0 | AH27: =COUNTIF($C27:$AG27,AH$6)+0.5*COUNTIF($C27:$AG27,AH$6&"H")+0.5*COUNTIF($C27:$AG27,"H"&AH$6) -> 0 | AI27: =COUNTIF($C27:$AG27,AI$6)+0.5*COUNTIF($C27:$AG27,AI$6&"H")+0.5*COUNTIF($C27:$AG27,"H"&AI$6) -> 0 | AJ27: =COUNTIF($C27:$AG27,AJ$6)+0.5*COUNTIF($C27:$AG27,AJ$6&"H")+0.5*COUNTIF($C27:$AG27,"H"&AJ$6) -> 0 | AK27: =COUNTIF($C27:$AG27,AK$6)+0.5*COUNTIF($C27:$AG27,AK$6&"H")+0.5*COUNTIF($C27:$AG27,"H"&AK$6) -> 0 | AL27: =COUNTIF($C27:$AG27,AL$6)+0.5*COUNTIF($C27:$AG27,AL$6&"H")+0.5*COUNTIF($C27:$AG27,"H"&AL$6) -> 0 | AM27: =COUNTIF($C27:$AG27,AM$6)+0.5*COUNTIF($C27:$AG27,AM$6&"H")+0.5*COUNTIF($C27:$AG27,"H"&AM$6) -> 0 | AN27: =COUNTIF($C27:$AG27,AN$6)+0.5*COUNTIF($C27:$AG27,AN$6&"H")+0.5*COUNTIF($C27:$AG27,"H"&AN$6) -> 0 | AO27: =COUNTIF($C27:$AG27,AO$6)+0.5*COUNTIF($C27:$AG27,AO$6&"H")+0.5*COUNTIF($C27:$AG27,"H"&AO$6) -> 0
A28: =YearToDate!A31 -> 28 | B28: =VLOOKUP(A28,YearToDate!$A$9:$B$34,2,0) -> 0 | AH28: =COUNTIF($C28:$AG28,AH$6)+0.5*COUNTIF($C28:$AG28,AH$6&"H")+0.5*COUNTIF($C28:$AG28,"H"&AH$6) -> 0 | AI28: =COUNTIF($C28:$AG28,AI$6)+0.5*COUNTIF($C28:$AG28,AI$6&"H")+0.5*COUNTIF($C28:$AG28,"H"&AI$6) -> 0 | AJ28: =COUNTIF($C28:$AG28,AJ$6)+0.5*COUNTIF($C28:$AG28,AJ$6&"H")+0.5*COUNTIF($C28:$AG28,"H"&AJ$6) -> 0 | AK28: =COUNTIF($C28:$AG28,AK$6)+0.5*COUNTIF($C28:$AG28,AK$6&"H")+0.5*COUNTIF($C28:$AG28,"H"&AK$6) -> 0 | AL28: =COUNTIF($C28:$AG28,AL$6)+0.5*COUNTIF($C28:$AG28,AL$6&"H")+0.5*COUNTIF($C28:$AG28,"H"&AL$6) -> 0 | AM28: =COUNTIF($C28:$AG28,AM$6)+0.5*COUNTIF($C28:$AG28,AM$6&"H")+0.5*COUNTIF($C28:$AG28,"H"&AM$6) -> 0 | AN28: =COUNTIF($C28:$AG28,AN$6)+0.5*COUNTIF($C28:$AG28,AN$6&"H")+0.5*COUNTIF($C28:$AG28,"H"&AN$6) -> 0 | AO28: =COUNTIF($C28:$AG28,AO$6)+0.5*COUNTIF($C28:$AG28,AO$6&"H")+0.5*COUNTIF($C28:$AG28,"H"&AO$6) -> 0
A29: =YearToDate!A32 -> 29 | B29: =VLOOKUP(A29,YearToDate!$A$9:$B$34,2,0) -> 0 | AH29: =COUNTIF($C29:$AG29,AH$6)+0.5*COUNTIF($C29:$AG29,AH$6&"H")+0.5*COUNTIF($C29:$AG29,"H"&AH$6) -> 0 | AI29: =COUNTIF($C29:$AG29,AI$6)+0.5*COUNTIF($C29:$AG29,AI$6&"H")+0.5*COUNTIF($C29:$AG29,"H"&AI$6) -> 0 | AJ29: =COUNTIF($C29:$AG29,AJ$6)+0.5*COUNTIF($C29:$AG29,AJ$6&"H")+0.5*COUNTIF($C29:$AG29,"H"&AJ$6) -> 0 | AK29: =COUNTIF($C29:$AG29,AK$6)+0.5*COUNTIF($C29:$AG29,AK$6&"H")+0.5*COUNTIF($C29:$AG29,"H"&AK$6) -> 0 | AL29: =COUNTIF($C29:$AG29,AL$6)+0.5*COUNTIF($C29:$AG29,AL$6&"H")+0.5*COUNTIF($C29:$AG29,"H"&AL$6) -> 0 | AM29: =COUNTIF($C29:$AG29,AM$6)+0.5*COUNTIF($C29:$AG29,AM$6&"H")+0.5*COUNTIF($C29:$AG29,"H"&AM$6) -> 0 | AN29: =COUNTIF($C29:$AG29,AN$6)+0.5*COUNTIF($C29:$AG29,AN$6&"H")+0.5*COUNTIF($C29:$AG29,"H"&AN$6) -> 0 | AO29: =COUNTIF($C29:$AG29,AO$6)+0.5*COUNTIF($C29:$AG29,AO$6&"H")+0.5*COUNTIF($C29:$AG29,"H"&AO$6) -> 0
A30: =YearToDate!A33 -> 30 | B30: =VLOOKUP(A30,YearToDate!$A$9:$B$34,2,0) -> 0 | AH30: =COUNTIF($C30:$AG30,AH$6)+0.5*COUNTIF($C30:$AG30,AH$6&"H")+0.5*COUNTIF($C30:$AG30,"H"&AH$6) -> 0 | AI30: =COUNTIF($C30:$AG30,AI$6)+0.5*COUNTIF($C30:$AG30,AI$6&"H")+0.5*COUNTIF($C30:$AG30,"H"&AI$6) -> 0 | AJ30: =COUNTIF($C30:$AG30,AJ$6)+0.5*COUNTIF($C30:$AG30,AJ$6&"H")+0.5*COUNTIF($C30:$AG30,"H"&AJ$6) -> 0 | AK30: =COUNTIF($C30:$AG30,AK$6)+0.5*COUNTIF($C30:$AG30,AK$6&"H")+0.5*COUNTIF($C30:$AG30,"H"&AK$6) -> 0 | AL30: =COUNTIF($C30:$AG30,AL$6)+0.5*COUNTIF($C30:$AG30,AL$6&"H")+0.5*COUNTIF($C30:$AG30,"H"&AL$6) -> 0 | AM30: =COUNTIF($C30:$AG30,AM$6)+0.5*COUNTIF($C30:$AG30,AM$6&"H")+0.5*COUNTIF($C30:$AG30,"H"&AM$6) -> 0 | AN30: =COUNTIF($C30:$AG30,AN$6)+0.5*COUNTIF($C30:$AG30,AN$6&"H")+0.5*COUNTIF($C30:$AG30,"H"&AN$6) -> 0 | AO30: =COUNTIF($C30:$AG30,AO$6)+0.5*COUNTIF($C30:$AG30,AO$6&"H")+0.5*COUNTIF($C30:$AG30,"H"&AO$6) -> 0
A32: =HYPERLINK("https://www.vertex42.com/templates/employee-leave-tracker.html","https://www.vertex42.com/templates/employee-leave-tracker.html") -> https://www.vertex42.com/templates/employee-leave-tracker.html | AG32: [42] | AH32: =SUM(AH7:AH31) -> 0 | AI32: =SUM(AI7:AI31) -> 2 | AJ32: =SUM(AJ7:AJ31) -> 0 | AK32: =SUM(AK7:AK31) -> 0 | AL32: =SUM(AL7:AL31) -> 0 | AM32: =SUM(AM7:AM31) -> 4 | AN32: =SUM(AN7:AN31) -> 0 | AO32: =SUM(AO7:AO31) -> 0

Sheet Feb
A1: ="February "&YearToDate!$B$3 -> February 2024 | AO1: Employee Leave Tracker
AO2: © 2020 Vertex42.com
A4: Employee | C4: =YearToDate!$A$5 -> A = Annual, S = Sick, M = Maternity, CM = Compationate, T = Terminal leave, ST = Study, E = Examination, CA = Casual | AH4: Totals
C5: =IF(C6="","",INDEX({"Su";"M";"Tu";"W";"Th";"F";"Sa"},WEEKDAY(C6,1))) -> Th | D5: =IF(D6="","",INDEX({"Su";"M";"Tu";"W";"Th";"F";"Sa"},WEEKDAY(D6,1))) -> F | E5: =IF(E6="","",INDEX({"Su";"M";"Tu";"W";"Th";"F";"Sa"},WEEKDAY(E6,1))) -> Sa | F5: =IF(F6="","",INDEX({"Su";"M";"Tu";"W";"Th";"F";"Sa"},WEEKDAY(F6,1))) -> Su | G5: =IF(G6="","",INDEX({"Su";"M";"Tu";"W";"Th";"F";"Sa"},WEEKDAY(G6,1))) -> M | H5: =IF(H6="","",INDEX({"Su";"M";"Tu";"W";"Th";"F";"Sa"},WEEKDAY(H6,1))) -> Tu | I5: =IF(I6="","",INDEX({"Su";"M";"Tu";"W";"Th";"F";"Sa"},WEEKDAY(I6,1))) -> W | J5: =IF(J6="","",INDEX({"Su";"M";"Tu";"W";"Th";"F";"Sa"},WEEKDAY(J6,1))) -> Th | ... AG5: =IF(AG6="","",INDEX({"Su";"M";"Tu";"W";"Th";"F";"Sa"},WEEKDAY(AG6,1)))
A6: ID | B6: Name | C6: =DATE(YearToDate!$B$3,2,1) -> 45323 | D6: =C6+1 -> 45324 | E6: =D6+1 -> 45325 | F6: =E6+1 -> 45326 | G6: =F6+1 -> 45327 | H6: =G6+1 -> 45328 | I6: =H6+1 -> 45329 | J6: =I6+1 -> 45330 | K6: =J6+1 -> 45331 | ... AD6: =AC6+1 -> 45350 | AE6: =IF(MONTH($AD6+1)>MONTH($C$6),"",$AD6+1) -> 45351 | AF6: =IF(MONTH($AD6+2)>MONTH($C$6),"",$AD6+2) | AG6: =IF(MONTH($AD6+3)>MONTH($C$6),"",$AD6+3) | AH6: =YearToDate!C9 -> A | AI6: =YearToDate!E9 -> S | AJ6: =YearToDate!G9 -> M | AK6: =YearToDate!I9 -> CM | AL6: =YearToDate!K9 -> T | AM6: =YearToDate!M9 -> ST | AN6: =YearToDate!O9 -> E | AO6: =YearToDate!Q9 -> CA
A7: =YearToDate!A10 -> 1 | B7: =VLOOKUP(A7,YearToDate!$A$9:$B$34,2,0) -> AHMAN ABDULJABBAR | AH7: =COUNTIF($C7:$AG7,AH$6)+0.5*COUNTIF($C7:$AG7,AH$6&"H")+0.5*COUNTIF($C7:$AG7,"H"&AH$6) -> 0 | AI7: =COUNTIF($C7:$AG7,AI$6)+0.5*COUNTIF($C7:$AG7,AI$6&"H")+0.5*COUNTIF($C7:$AG7,"H"&AI$6) -> 0 | AJ7: =COUNTIF($C7:$AG7,AJ$6)+0.5*COUNTIF($C7:$AG7,AJ$6&"H")+0.5*COUNTIF($C7:$AG7,"H"&AJ$6) -> 0 | AK7: =COUNTIF($C7:$AG7,AK$6)+0.5*COUNTIF($C7:$AG7,AK$6&"H")+0.5*COUNTIF($C7:$AG7,"H"&AK$6) -> 0 | AL7: =COUNTIF($C7:$AG7,AL$6)+0.5*COUNTIF($C7:$AG7,AL$6&"H")+0.5*COUNTIF($C7:$AG7,"H"&AL$6) -> 0 | AM7: =COUNTIF($C7:$AG7,AM$6)+0.5*COUNTIF($C7:$AG7,AM$6&"H")+0.5*COUNTIF($C7:$AG7,"H"&AM$6) -> 0 | AN7: =COUNTIF($C7:$AG7,AN$6)+0.5*COUNTIF($C7:$AG7,AN$6&"H")+0.5*COUNTIF($C7:$AG7,"H"&AN$6) -> 0 | AO7: =COUNTIF($C7:$AG7,AO$6)+0.5*COUNTIF($C7:$AG7,AO$6&"H")+0.5*COUNTIF($C7:$AG7,"H"&AO$6) -> 0
A8: =YearToDate!A11 -> 2 | B8: =VLOOKUP(A8,YearToDate!$A$9:$B$34,2,0) -> ALIYU MUSA ABUBAKAR | AH8: =COUNTIF($C8:$AG8,AH$6)+0.5*COUNTIF($C8:$AG8,AH$6&"H")+0.5*COUNTIF($C8:$AG8,"H"&AH$6) -> 0 | AI8: =COUNTIF($C8:$AG8,AI$6)+0.5*COUNTIF($C8:$AG8,AI$6&"H")+0.5*COUNTIF($C8:$AG8,"H"&AI$6) -> 0 | AJ8: =COUNTIF($C8:$AG8,AJ$6)+0.5*COUNTIF($C8:$AG8,AJ$6&"H")+0.5*COUNTIF($C8:$AG8,"H"&AJ$6) -> 0 | AK8: =COUNTIF($C8:$AG8,AK$6)+0.5*COUNTIF($C8:$AG8,AK$6&"H")+0.5*COUNTIF($C8:$AG8,"H"&AK$6) -> 0 | AL8: =COUNTIF($C8:$AG8,AL$6)+0.5*COUNTIF($C8:$AG8,AL$6&"H")+0.5*COUNTIF($C8:$AG8,"H"&AL$6) -> 0 | AM8: =COUNTIF($C8:$AG8,AM$6)+0.5*COUNTIF($C8:$AG8,AM$6&"H")+0.5*COUNTIF($C8:$AG8,"H"&AM$6) -> 0 | AN8: =COUNTIF($C8:$AG8,AN$6)+0.5*COUNTIF($C8:$AG8,AN$6&"H")+0.5*COUNTIF($C8:$AG8,"H"&AN$6) -> 0 | AO8: =COUNTIF($C8:$AG8,AO$6)+0.5*COUNTIF($C8:$AG8,AO$6&"H")+0.5*COUNTIF($C8:$AG8,"H"&AO$6) -> 0
A9: =YearToDate!A12 -> 3 | B9: =VLOOKUP(A9,YearToDate!$A$9:$B$34,2,0) -> GOSTA ALIYU | AH9: =COUNTIF($C9:$AG9,AH$6)+0.5*COUNTIF($C9:$AG9,AH$6&"H")+0.5*COUNTIF($C9:$AG9,"H"&AH$6) -> 0 | AI9: =COUNTIF($C9:$AG9,AI$6)+0.5*COUNTIF($C9:$AG9,AI$6&"H")+0.5*COUNTIF($C9:$AG9,"H"&AI$6) -> 0 | AJ9: =COUNTIF($C9:$AG9,AJ$6)+0.5*COUNTIF($C9:$AG9,AJ$6&"H")+0.5*COUNTIF($C9:$AG9,"H"&AJ$6) -> 0 | AK9: =COUNTIF($C9:$AG9,AK$6)+0.5*COUNTIF($C9:$AG9,AK$6&"H")+0.5*COUNTIF($C9:$AG9,"H"&AK$6) -> 0 | AL9: =COUNTIF($C9:$AG9,AL$6)+0.5*COUNTIF($C9:$AG9,AL$6&"H")+0.5*COUNTIF($C9:$AG9,"H"&AL$6) -> 0 | AM9: =COUNTIF($C9:$AG9,AM$6)+0.5*COUNTIF($C9:$AG9,AM$6&"H")+0.5*COUNTIF($C9:$AG9,"H"&AM$6) -> 0 | AN9: =COUNTIF($C9:$AG9,AN$6)+0.5*COUNTIF($C9:$AG9,AN$6&"H")+0.5*COUNTIF($C9:$AG9,"H"&AN$6) -> 0 | AO9: =COUNTIF($C9:$AG9,AO$6)+0.5*COUNTIF($C9:$AG9,AO$6&"H")+0.5*COUNTIF($C9:$AG9,"H"&AO$6) -> 0
A10: =YearToDate!A13 -> 4 | B10: =VLOOKUP(A10,YearToDate!$A$9:$B$34,2,0) -> IBRAHIM TUKURA RILWAN | AH10: =COUNTIF($C10:$AG10,AH$6)+0.5*COUNTIF($C10:$AG10,AH$6&"H")+0.5*COUNTIF($C10:$AG10,"H"&AH$6) -> 0 | AI10: =COUNTIF($C10:$AG10,AI$6)+0.5*COUNTIF($C10:$AG10,AI$6&"H")+0.5*COUNTIF($C10:$AG10,"H"&AI$6) -> 0 | AJ10: =COUNTIF($C10:$AG10,AJ$6)+0.5*COUNTIF($C10:$AG10,AJ$6&"H")+0.5*COUNTIF($C10:$AG10,"H"&AJ$6) -> 0 | AK10: =COUNTIF($C10:$AG10,AK$6)+0.5*COUNTIF($C10:$AG10,AK$6&"H")+0.5*COUNTIF($C10:$AG10,"H"&AK$6) -> 0 | AL10: =COUNTIF($C10:$AG10,AL$6)+0.5*COUNTIF($C10:$AG10,AL$6&"H")+0.5*COUNTIF($C10:$AG10,"H"&AL$6) -> 0 | AM10: =COUNTIF($C10:$AG10,AM$6)+0.5*COUNTIF($C10:$AG10,AM$6&"H")+0.5*COUNTIF($C10:$AG10,"H"&AM$6) -> 0 | AN10: =COUNTIF($C10:$AG10,AN$6)+0.5*COUNTIF($C10:$AG10,AN$6&"H")+0.5*COUNTIF($C10:$AG10,"H"&AN$6) -> 0 | AO10: =COUNTIF($C10:$AG10,AO$6)+0.5*COUNTIF($C10:$AG10,AO$6&"H")+0.5*COUNTIF($C10:$AG10,"H"&AO$6) -> 0
A11: =YearToDate!A14 -> 5 | B11: =VLOOKUP(A11,YearToDate!$A$9:$B$34,2,0) -> HASSAN HABEEB | AH11: =COUNTIF($C11:$AG11,AH$6)+0.5*COUNTIF($C11:$AG11,AH$6&"H")+0.5*COUNTIF($C11:$AG11,"H"&AH$6) -> 0 | AI11: =COUNTIF($C11:$AG11,AI$6)+0.5*COUNTIF($C11:$AG11,AI$6&"H")+0.5*COUNTIF($C11:$AG11,"H"&AI$6) -> 0 | AJ11: =COUNTIF($C11:$AG11,AJ$6)+0.5*COUNTIF($C11:$AG11,AJ$6&"H")+0.5*COUNTIF($C11:$AG11,"H"&AJ$6) -> 0 | AK11: =COUNTIF($C11:$AG11,AK$6)+0.5*COUNTIF($C11:$AG11,AK$6&"H")+0.5*COUNTIF($C11:$AG11,"H"&AK$6) -> 0 | AL11: =COUNTIF($C11:$AG11,AL$6)+0.5*COUNTIF($C11:$AG11,AL$6&"H")+0.5*COUNTIF($C11:$AG11,"H"&AL$6) -> 0 | AM11: =COUNTIF($C11:$AG11,AM$6)+0.5*COUNTIF($C11:$AG11,AM$6&"H")+0.5*COUNTIF($C11:$AG11,"H"&AM$6) -> 0 | AN11: =COUNTIF($C11:$AG11,AN$6)+0.5*COUNTIF($C11:$AG11,AN$6&"H")+0.5*COUNTIF($C11:$AG11,"H"&AN$6) -> 0 | AO11: =COUNTIF($C11:$AG11,AO$6)+0.5*COUNTIF($C11:$AG11,AO$6&"H")+0.5*COUNTIF($C11:$AG11,"H"&AO$6) -> 0
A12: =YearToDate!A15 -> 6 | B12: =VLOOKUP(A12,YearToDate!$A$9:$B$34,2,0) -> SHEHU NABILA | AH12: =COUNTIF($C12:$AG12,AH$6)+0.5*COUNTIF($C12:$AG12,AH$6&"H")+0.5*COUNTIF($C12:$AG12,"H"&AH$6) -> 0 | AI12: =COUNTIF($C12:$AG12,AI$6)+0.5*COUNTIF($C12:$AG12,AI$6&"H")+0.5*COUNTIF($C12:$AG12,"H"&AI$6) -> 0 | AJ12: =COUNTIF($C12:$AG12,AJ$6)+0.5*COUNTIF($C12:$AG12,AJ$6&"H")+0.5*COUNTIF($C12:$AG12,"H"&AJ$6) -> 0 | AK12: =COUNTIF($C12:$AG12,AK$6)+0.5*COUNTIF($C12:$AG12,AK$6&"H")+0.5*COUNTIF($C12:$AG12,"H"&AK$6) -> 0 | AL12: =COUNTIF($C12:$AG12,AL$6)+0.5*COUNTIF($C12:$AG12,AL$6&"H")+0.5*COUNTIF($C12:$AG12,"H"&AL$6) -> 0 | AM12: =COUNTIF($C12:$AG12,AM$6)+0.5*COUNTIF($C12:$AG12,AM$6&"H")+0.5*COUNTIF($C12:$AG12,"H"&AM$6) -> 0 | AN12: =COUNTIF($C12:$AG12,AN$6)+0.5*COUNTIF($C12:$AG12,AN$6&"H")+0.5*COUNTIF($C12:$AG12,"H"&AN$6) -> 0 | AO12: =COUNTIF($C12:$AG12,AO$6)+0.5*COUNTIF($C12:$AG12,AO$6&"H")+0.5*COUNTIF($C12:$AG12,"H"&AO$6) -> 0
A13: =YearToDate!A16 -> 7 | B13: =VLOOKUP(A13,YearToDate!$A$9:$B$34,2,0) -> SULEMAN IBRAHIM | AH13: =COUNTIF($C13:$AG13,AH$6)+0.5*COUNTIF($C13:$AG13,AH$6&"H")+0.5*COUNTIF($C13:$AG13,"H"&AH$6) -> 0 | AI13: =COUNTIF($C13:$AG13,AI$6)+0.5*COUNTIF($C13:$AG13,AI$6&"H")+0.5*COUNTIF($C13:$AG13,"H"&AI$6) -> 0 | AJ13: =COUNTIF($C13:$AG13,AJ$6)+0.5*COUNTIF($C13:$AG13,AJ$6&"H")+0.5*COUNTIF($C13:$AG13,"H"&AJ$6) -> 0 | AK13: =COUNTIF($C13:$AG13,AK$6)+0.5*COUNTIF($C13:$AG13,AK$6&"H")+0.5*COUNTIF($C13:$AG13,"H"&AK$6) -> 0 | AL13: =COUNTIF($C13:$AG13,AL$6)+0.5*COUNTIF($C13:$AG13,AL$6&"H")+0.5*COUNTIF($C13:$AG13,"H"&AL$6) -> 0 | AM13: =COUNTIF($C13:$AG13,AM$6)+0.5*COUNTIF($C13:$AG13,AM$6&"H")+0.5*COUNTIF($C13:$AG13,"H"&AM$6) -> 0 | AN13: =COUNTIF($C13:$AG13,AN$6)+0.5*COUNTIF($C13:$AG13,AN$6&"H")+0.5*COUNTIF($C13:$AG13,"H"&AN$6) -> 0 | AO13: =COUNTIF($C13:$AG13,AO$6)+0.5*COUNTIF($C13:$AG13,AO$6&"H")+0.5*COUNTIF($C13:$AG13,"H"&AO$6) -> 0
A14: =YearToDate!A17 -> 8 | B14: =VLOOKUP(A14,YearToDate!$A$9:$B$34,2,0) -> EMMANUELA LONGJAP | AH14: =COUNTIF($C14:$AG14,AH$6)+0.5*COUNTIF($C14:$AG14,AH$6&"H")+0.5*COUNTIF($C14:$AG14,"H"&AH$6) -> 0 | AI14: =COUNTIF($C14:$AG14,AI$6)+0.5*COUNTIF($C14:$AG14,AI$6&"H")+0.5*COUNTIF($C14:$AG14,"H"&AI$6) -> 0 | AJ14: =COUNTIF($C14:$AG14,AJ$6)+0.5*COUNTIF($C14:$AG14,AJ$6&"H")+0.5*COUNTIF($C14:$AG14,"H"&AJ$6) -> 0 | AK14: =COUNTIF($C14:$AG14,AK$6)+0.5*COUNTIF($C14:$AG14,AK$6&"H")+0.5*COUNTIF($C14:$AG14,"H"&AK$6) -> 0 | AL14: =COUNTIF($C14:$AG14,AL$6)+0.5*COUNTIF($C14:$AG14,AL$6&"H")+0.5*COUNTIF($C14:$AG14,"H"&AL$6) -> 0 | AM14: =COUNTIF($C14:$AG14,AM$6)+0.5*COUNTIF($C14:$AG14,AM$6&"H")+0.5*COUNTIF($C14:$AG14,"H"&AM$6) -> 0 | AN14: =COUNTIF($C14:$AG14,AN$6)+0.5*COUNTIF($C14:$AG14,AN$6&"H")+0.5*COUNTIF($C14:$AG14,"H"&AN$6) -> 0 | AO14: =COUNTIF($C14:$AG14,AO$6)+0.5*COUNTIF($C14:$AG14,AO$6&"H")+0.5*COUNTIF($C14:$AG14,"H"&AO$6) -> 0
A15: =YearToDate!A18 -> 9 | B15: =VLOOKUP(A15,YearToDate!$A$9:$B$34,2,0) -> OLUCHI EZE | AH15: =COUNTIF($C15:$AG15,AH$6)+0.5*COUNTIF($C15:$AG15,AH$6&"H")+0.5*COUNTIF($C15:$AG15,"H"&AH$6) -> 0 | AI15: =COUNTIF($C15:$AG15,AI$6)+0.5*COUNTIF($C15:$AG15,AI$6&"H")+0.5*COUNTIF($C15:$AG15,"H"&AI$6) -> 0 | AJ15: =COUNTIF($C15:$AG15,AJ$6)+0.5*COUNTIF($C15:$AG15,AJ$6&"H")+0.5*COUNTIF($C15:$AG15,"H"&AJ$6) -> 0 | AK15: =COUNTIF($C15:$AG15,AK$6)+0.5*COUNTIF($C15:$AG15,AK$6&"H")+0.5*COUNTIF($C15:$AG15,"H"&AK$6) -> 0 | AL15: =COUNTIF($C15:$AG15,AL$6)+0.5*COUNTIF($C15:$AG15,AL$6&"H")+0.5*COUNTIF($C15:$AG15,"H"&AL$6) -> 0 | AM15: =COUNTIF($C15:$AG15,AM$6)+0.5*COUNTIF($C15:$AG15,AM$6&"H")+0.5*COUNTIF($C15:$AG15,"H"&AM$6) -> 0 | AN15: =COUNTIF($C15:$AG15,AN$6)+0.5*COUNTIF($C15:$AG15,AN$6&"H")+0.5*COUNTIF($C15:$AG15,"H"&AN$6) -> 0 | AO15: =COUNTIF($C15:$AG15,AO$6)+0.5*COUNTIF($C15:$AG15,AO$6&"H")+0.5*COUNTIF($C15:$AG15,"H"&AO$6) -> 0
A16: =YearToDate!A19 -> 10 | B16: =VLOOKUP(A16,YearToDate!$A$9:$B$34,2,0) -> NURA ABDULLAHI | AH16: =COUNTIF($C16:$AG16,AH$6)+0.5*COUNTIF($C16:$AG16,AH$6&"H")+0.5*COUNTIF($C16:$AG16,"H"&AH$6) -> 0 | AI16: =COUNTIF($C16:$AG16,AI$6)+0.5*COUNTIF($C16:$AG16,AI$6&"H")+0.5*COUNTIF($C16:$AG16,"H"&AI$6) -> 0 | AJ16: =COUNTIF($C16:$AG16,AJ$6)+0.5*COUNTIF($C16:$AG16,AJ$6&"H")+0.5*COUNTIF($C16:$AG16,"H"&AJ$6) -> 0 | AK16: =COUNTIF($C16:$AG16,AK$6)+0.5*COUNTIF($C16:$AG16,AK$6&"H")+0.5*COUNTIF($C16:$AG16,"H"&AK$6) -> 0 | AL16: =COUNTIF($C16:$AG16,AL$6)+0.5*COUNTIF($C16:$AG16,AL$6&"H")+0.5*COUNTIF($C16:$AG16,"H"&AL$6) -> 0 | AM16: =COUNTIF($C16:$AG16,AM$6)+0.5*COUNTIF($C16:$AG16,AM$6&"H")+0.5*COUNTIF($C16:$AG16,"H"&AM$6) -> 0 | AN16: =COUNTIF($C16:$AG16,AN$6)+0.5*COUNTIF($C16:$AG16,AN$6&"H")+0.5*COUNTIF($C16:$AG16,"H"&AN$6) -> 0 | AO16: =COUNTIF($C16:$AG16,AO$6)+0.5*COUNTIF($C16:$AG16,AO$6&"H")+0.5*COUNTIF($C16:$AG16,"H"&AO$6) -> 0
A17: =YearToDate!A20 -> 11 | B17: =VLOOKUP(A17,YearToDate!$A$9:$B$34,2,0) -> VERA EGELAMBA EZINNE | AH17: =COUNTIF($C17:$AG17,AH$6)+0.5*COUNTIF($C17:$AG17,AH$6&"H")+0.5*COUNTIF($C17:$AG17,"H"&AH$6) -> 0 | AI17: =COUNTIF($C17:$AG17,AI$6)+0.5*COUNTIF($C17:$AG17,AI$6&"H")+0.5*COUNTIF($C17:$AG17,"H"&AI$6) -> 0 | AJ17: =COUNTIF($C17:$AG17,AJ$6)+0.5*COUNTIF($C17:$AG17,AJ$6&"H")+0.5*COUNTIF($C17:$AG17,"H"&AJ$6) -> 0 | AK17: =COUNTIF($C17:$AG17,AK$6)+0.5*COUNTIF($C17:$AG17,AK$6&"H")+0.5*COUNTIF($C17:$AG17,"H"&AK$6) -> 0 | AL17: =COUNTIF($C17:$AG17,AL$6)+0.5*COUNTIF($C17:$AG17,AL$6&"H")+0.5*COUNTIF($C17:$AG17,"H"&AL$6) -> 0 | AM17: =COUNTIF($C17:$AG17,AM$6)+0.5*COUNTIF($C17:$AG17,AM$6&"H")+0.5*COUNTIF($C17:$AG17,"H"&AM$6) -> 0 | AN17: =COUNTIF($C17:$AG17,AN$6)+0.5*COUNTIF($C17:$AG17,AN$6&"H")+0.5*COUNTIF($C17:$AG17,"H"&AN$6) -> 0 | AO17: =COUNTIF($C17:$AG17,AO$6)+0.5*COUNTIF($C17:$AG17,AO$6&"H")+0.5*COUNTIF($C17:$AG17,"H"&AO$6) -> 0
A18: =YearToDate!A21 -> 18 | B18: =VLOOKUP(A18,YearToDate!$A$9:$B$34,2,0) -> NAIMA LABARAN DABO | AH18: =COUNTIF($C18:$AG18,AH$6)+0.5*COUNTIF($C18:$AG18,AH$6&"H")+0.5*COUNTIF($C18:$AG18,"H"&AH$6) -> 0 | AI18: =COUNTIF($C18:$AG18,AI$6)+0.5*COUNTIF($C18:$AG18,AI$6&"H")+0.5*COUNTIF($C18:$AG18,"H"&AI$6) -> 0 | AJ18: =COUNTIF($C18:$AG18,AJ$6)+0.5*COUNTIF($C18:$AG18,AJ$6&"H")+0.5*COUNTIF($C18:$AG18,"H"&AJ$6) -> 0 | AK18: =COUNTIF($C18:$AG18,AK$6)+0.5*COUNTIF($C18:$AG18,AK$6&"H")+0.5*COUNTIF($C18:$AG18,"H"&AK$6) -> 0 | AL18: =COUNTIF($C18:$AG18,AL$6)+0.5*COUNTIF($C18:$AG18,AL$6&"H")+0.5*COUNTIF($C18:$AG18,"H"&AL$6) -> 0 | AM18: =COUNTIF($C18:$AG18,AM$6)+0.5*COUNTIF($C18:$AG18,AM$6&"H")+0.5*COUNTIF($C18:$AG18,"H"&AM$6) -> 0 | AN18: =COUNTIF($C18:$AG18,AN$6)+0.5*COUNTIF($C18:$AG18,AN$6&"H")+0.5*COUNTIF($C18:$AG18,"H"&AN$6) -> 0 | AO18: =COUNTIF($C18:$AG18,AO$6)+0.5*COUNTIF($C18:$AG18,AO$6&"H")+0.5*COUNTIF($C18:$AG18,"H"&AO$6) -> 0
... A26: =YearToDate!A29 -> 26 | B26: =VLOOKUP(A26,YearToDate!$A$9:$B$34,2,0) -> 0 | AH26: =COUNTIF($C26:$AG26,AH$6)+0.5*COUNTIF($C26:$AG26,AH$6&"H")+0.5*COUNTIF($C26:$AG26,"H"&AH$6) -> 0 | AI26: =COUNTIF($C26:$AG26,AI$6)+0.5*COUNTIF($C26:$AG26,AI$6&"H")+0.5*COUNTIF($C26:$AG26,"H"&AI$6) -> 0 | AJ26: =COUNTIF($C26:$AG26,AJ$6)+0.5*COUNTIF($C26:$AG26,AJ$6&"H")+0.5*COUNTIF($C26:$AG26,"H"&AJ$6) -> 0 | AK26: =COUNTIF($C26:$AG26,AK$6)+0.5*COUNTIF($C26:$AG26,AK$6&"H")+0.5*COUNTIF($C26:$AG26,"H"&AK$6) -> 0 | AL26: =COUNTIF($C26:$AG26,AL$6)+0.5*COUNTIF($C26:$AG26,AL$6&"H")+0.5*COUNTIF($C26:$AG26,"H"&AL$6) -> 0 | AM26: =COUNTIF($C26:$AG26,AM$6)+0.5*COUNTIF($C26:$AG26,AM$6&"H")+0.5*COUNTIF($C26:$AG26,"H"&AM$6) -> 0 | AN26: =COUNTIF($C26:$AG26,AN$6)+0.5*COUNTIF($C26:$AG26,AN$6&"H")+0.5*COUNTIF($C26:$AG26,"H"&AN$6) -> 0 | AO26: =COUNTIF($C26:$AG26,AO$6)+0.5*COUNTIF($C26:$AG26,AO$6&"H")+0.5*COUNTIF($C26:$AG26,"H"&AO$6) -> 0
A28: =HYPERLINK("https://www.vertex42.com/templates/employee-leave-tracker.html","https://www.vertex42.com/templates/employee-leave-tracker.html") -> https://www.vertex42.com/templates/employee-leave-tracker.html | AG28: [42] | AH28: =SUM(AH7:AH27) -> 0 | AI28: =SUM(AI7:AI27) -> 0 | AJ28: =SUM(AJ7:AJ27) -> 0 | AK28: =SUM(AK7:AK27) -> 0 | AL28: =SUM(AL7:AL27) -> 0 | AM28: =SUM(AM7:AM27) -> 0 | AN28: =SUM(AN7:AN27) -> 0 | AO28: =SUM(AO7:AO27) -> 0

Sheet Mar
A1: ="March "&YearToDate!$B$3 -> March 2024 | AO1: Employee Leave Tracker
AO2: © 2020 Vertex42.com
A4: Employee | C4: =YearToDate!$A$5 -> A = Annual, S = Sick, M = Maternity, CM = Compationate, T = Terminal leave, ST = Study, E = Examination, CA = Casual | AH4: Totals
C5: =IF(C6="","",INDEX({"Su";"M";"Tu";"W";"Th";"F";"Sa"},WEEKDAY(C6,1))) -> F | D5: =IF(D6="","",INDEX({"Su";"M";"Tu";"W";"Th";"F";"Sa"},WEEKDAY(D6,1))) -> Sa | E5: =IF(E6="","",INDEX({"Su";"M";"Tu";"W";"Th";"F";"Sa"},WEEKDAY(E6,1))) -> Su | F5: =IF(F6="","",INDEX({"Su";"M";"Tu";"W";"Th";"F";"Sa"},WEEKDAY(F6,1))) -> M | G5: =IF(G6="","",INDEX({"Su";"M";"Tu";"W";"Th";"F";"Sa"},WEEKDAY(G6,1))) -> Tu | H5: =IF(H6="","",INDEX({"Su";"M";"Tu";"W";"Th";"F";"Sa"},WEEKDAY(H6,1))) -> W | I5: =IF(I6="","",INDEX({"Su";"M";"Tu";"W";"Th";"F";"Sa"},WEEKDAY(I6,1))) -> Th | J5: =IF(J6="","",INDEX({"Su";"M";"Tu";"W";"Th";"F";"Sa"},WEEKDAY(J6,1))) -> F | ... AG5: =IF(AG6="","",INDEX({"Su";"M";"Tu";"W";"Th";"F";"Sa"},WEEKDAY(AG6,1))) -> Su
A6: ID | B6: Name | C6: =DATE(YearToDate!$B$3,3,1) -> 45352 | D6: =C6+1 -> 45353 | E6: =D6+1 -> 45354 | F6: =E6+1 -> 45355 | G6: =F6+1 -> 45356 | H6: =G6+1 -> 45357 | I6: =H6+1 -> 45358 | J6: =I6+1 -> 45359 | K6: =J6+1 -> 45360 | ... AD6: =AC6+1 -> 45379 | AE6: =IF(MONTH($AD6+1)>MONTH($C$6),"",$AD6+1) -> 45380 | AF6: =IF(MONTH($AD6+2)>MONTH($C$6),"",$AD6+2) -> 45381 | AG6: =IF(MONTH($AD6+3)>MONTH($C$6),"",$AD6+3) -> 45382 | AH6: =YearToDate!C9 -> A | AI6: =YearToDate!E9 -> S | AJ6: =YearToDate!G9 -> M | AK6: =YearToDate!I9 -> CM | AL6: =YearToDate!K9 -> T | AM6: =YearToDate!M9 -> ST | AN6: =YearToDate!O9 -> E | AO6: =YearToDate!Q9 -> CA
A7: =YearToDate!A10 -> 1 | B7: =VLOOKUP(A7,YearToDate!$A$9:$B$34,2,0) -> AHMAN ABDULJABBAR | AH7: =COUNTIF($C7:$AG7,AH$6)+0.5*COUNTIF($C7:$AG7,AH$6&"H")+0.5*COUNTIF($C7:$AG7,"H"&AH$6) -> 0 | AI7: =COUNTIF($C7:$AG7,AI$6)+0.5*COUNTIF($C7:$AG7,AI$6&"H")+0.5*COUNTIF($C7:$AG7,"H"&AI$6) -> 0 | AJ7: =COUNTIF($C7:$AG7,AJ$6)+0.5*COUNTIF($C7:$AG7,AJ$6&"H")+0.5*COUNTIF($C7:$AG7,"H"&AJ$6) -> 0 | AK7: =COUNTIF($C7:$AG7,AK$6)+0.5*COUNTIF($C7:$AG7,AK$6&"H")+0.5*COUNTIF($C7:$AG7,"H"&AK$6) -> 0 | AL7: =COUNTIF($C7:$AG7,AL$6)+0.5*COUNTIF($C7:$AG7,AL$6&"H")+0.5*COUNTIF($C7:$AG7,"H"&AL$6) -> 0 | AM7: =COUNTIF($C7:$AG7,AM$6)+0.5*COUNTIF($C7:$AG7,AM$6&"H")+0.5*COUNTIF($C7:$AG7,"H"&AM$6) -> 0 | AN7: =COUNTIF($C7:$AG7,AN$6)+0.5*COUNTIF($C7:$AG7,AN$6&"H")+0.5*COUNTIF($C7:$AG7,"H"&AN$6) -> 0 | AO7: =COUNTIF($C7:$AG7,AO$6)+0.5*COUNTIF($C7:$AG7,AO$6&"H")+0.5*COUNTIF($C7:$AG7,"H"&AO$6) -> 0
A8: =YearToDate!A11 -> 2 | B8: =VLOOKUP(A8,YearToDate!$A$9:$B$34,2,0) -> ALIYU MUSA ABUBAKAR | AH8: =COUNTIF($C8:$AG8,AH$6)+0.5*COUNTIF($C8:$AG8,AH$6&"H")+0.5*COUNTIF($C8:$AG8,"H"&AH$6) -> 0 | AI8: =COUNTIF($C8:$AG8,AI$6)+0.5*COUNTIF($C8:$AG8,AI$6&"H")+0.5*COUNTIF($C8:$AG8,"H"&AI$6) -> 0 | AJ8: =COUNTIF($C8:$AG8,AJ$6)+0.5*COUNTIF($C8:$AG8,AJ$6&"H")+0.5*COUNTIF($C8:$AG8,"H"&AJ$6) -> 0 | AK8: =COUNTIF($C8:$AG8,AK$6)+0.5*COUNTIF($C8:$AG8,AK$6&"H")+0.5*COUNTIF($C8:$AG8,"H"&AK$6) -> 0 | AL8: =COUNTIF($C8:$AG8,AL$6)+0.5*COUNTIF($C8:$AG8,AL$6&"H")+0.5*COUNTIF($C8:$AG8,"H"&AL$6) -> 0 | AM8: =COUNTIF($C8:$AG8,AM$6)+0.5*COUNTIF($C8:$AG8,AM$6&"H")+0.5*COUNTIF($C8:$AG8,"H"&AM$6) -> 0 | AN8: =COUNTIF($C8:$AG8,AN$6)+0.5*COUNTIF($C8:$AG8,AN$6&"H")+0.5*COUNTIF($C8:$AG8,"H"&AN$6) -> 0 | AO8: =COUNTIF($C8:$AG8,AO$6)+0.5*COUNTIF($C8:$AG8,AO$6&"H")+0.5*COUNTIF($C8:$AG8,"H"&AO$6) -> 0
A9: =YearToDate!A12 -> 3 | B9: =VLOOKUP(A9,YearToDate!$A$9:$B$34,2,0) -> GOSTA ALIYU | AH9: =COUNTIF($C9:$AG9,AH$6)+0.5*COUNTIF($C9:$AG9,AH$6&"H")+0.5*COUNTIF($C9:$AG9,"H"&AH$6) -> 0 | AI9: =COUNTIF($C9:$AG9,AI$6)+0.5*COUNTIF($C9:$AG9,AI$6&"H")+0.5*COUNTIF($C9:$AG9,"H"&AI$6) -> 0 | AJ9: =COUNTIF($C9:$AG9,AJ$6)+0.5*COUNTIF($C9:$AG9,AJ$6&"H")+0.5*COUNTIF($C9:$AG9,"H"&AJ$6) -> 0 | AK9: =COUNTIF($C9:$AG9,AK$6)+0.5*COUNTIF($C9:$AG9,AK$6&"H")+0.5*COUNTIF($C9:$AG9,"H"&AK$6) -> 0 | AL9: =COUNTIF($C9:$AG9,AL$6)+0.5*COUNTIF($C9:$AG9,AL$6&"H")+0.5*COUNTIF($C9:$AG9,"H"&AL$6) -> 0 | AM9: =COUNTIF($C9:$AG9,AM$6)+0.5*COUNTIF($C9:$AG9,AM$6&"H")+0.5*COUNTIF($C9:$AG9,"H"&AM$6) -> 0 | AN9: =COUNTIF($C9:$AG9,AN$6)+0.5*COUNTIF($C9:$AG9,AN$6&"H")+0.5*COUNTIF($C9:$AG9,"H"&AN$6) -> 0 | AO9: =COUNTIF($C9:$AG9,AO$6)+0.5*COUNTIF($C9:$AG9,AO$6&"H")+0.5*COUNTIF($C9:$AG9,"H"&AO$6) -> 0
A10: =YearToDate!A13 -> 4 | B10: =VLOOKUP(A10,YearToDate!$A$9:$B$34,2,0) -> IBRAHIM TUKURA RILWAN | AH10: =COUNTIF($C10:$AG10,AH$6)+0.5*COUNTIF($C10:$AG10,AH$6&"H")+0.5*COUNTIF($C10:$AG10,"H"&AH$6) -> 0 | AI10: =COUNTIF($C10:$AG10,AI$6)+0.5*COUNTIF($C10:$AG10,AI$6&"H")+0.5*COUNTIF($C10:$AG10,"H"&AI$6) -> 0 | AJ10: =COUNTIF($C10:$AG10,AJ$6)+0.5*COUNTIF($C10:$AG10,AJ$6&"H")+0.5*COUNTIF($C10:$AG10,"H"&AJ$6) -> 0 | AK10: =COUNTIF($C10:$AG10,AK$6)+0.5*COUNTIF($C10:$AG10,AK$6&"H")+0.5*COUNTIF($C10:$AG10,"H"&AK$6) -> 0 | AL10: =COUNTIF($C10:$AG10,AL$6)+0.5*COUNTIF($C10:$AG10,AL$6&"H")+0.5*COUNTIF($C10:$AG10,"H"&AL$6) -> 0 | AM10: =COUNTIF($C10:$AG10,AM$6)+0.5*COUNTIF($C10:$AG10,AM$6&"H")+0.5*COUNTIF($C10:$AG10,"H"&AM$6) -> 0 | AN10: =COUNTIF($C10:$AG10,AN$6)+0.5*COUNTIF($C10:$AG10,AN$6&"H")+0.5*COUNTIF($C10:$AG10,"H"&AN$6) -> 0 | AO10: =COUNTIF($C10:$AG10,AO$6)+0.5*COUNTIF($C10:$AG10,AO$6&"H")+0.5*COUNTIF($C10:$AG10,"H"&AO$6) -> 0
A11: =YearToDate!A14 -> 5 | B11: =VLOOKUP(A11,YearToDate!$A$9:$B$34,2,0) -> HASSAN HABEEB | AH11: =COUNTIF($C11:$AG11,AH$6)+0.5*COUNTIF($C11:$AG11,AH$6&"H")+0.5*COUNTIF($C11:$AG11,"H"&AH$6) -> 0 | AI11: =COUNTIF($C11:$AG11,AI$6)+0.5*COUNTIF($C11:$AG11,AI$6&"H")+0.5*COUNTIF($C11:$AG11,"H"&AI$6) -> 0 | AJ11: =COUNTIF($C11:$AG11,AJ$6)+0.5*COUNTIF($C11:$AG11,AJ$6&"H")+0.5*COUNTIF($C11:$AG11,"H"&AJ$6) -> 0 | AK11: =COUNTIF($C11:$AG11,AK$6)+0.5*COUNTIF($C11:$AG11,AK$6&"H")+0.5*COUNTIF($C11:$AG11,"H"&AK$6) -> 0 | AL11: =COUNTIF($C11:$AG11,AL$6)+0.5*COUNTIF($C11:$AG11,AL$6&"H")+0.5*COUNTIF($C11:$AG11,"H"&AL$6) -> 0 | AM11: =COUNTIF($C11:$AG11,AM$6)+0.5*COUNTIF($C11:$AG11,AM$6&"H")+0.5*COUNTIF($C11:$AG11,"H"&AM$6) -> 0 | AN11: =COUNTIF($C11:$AG11,AN$6)+0.5*COUNTIF($C11:$AG11,AN$6&"H")+0.5*COUNTIF($C11:$AG11,"H"&AN$6) -> 0 | AO11: =COUNTIF($C11:$AG11,AO$6)+0.5*COUNTIF($C11:$AG11,AO$6&"H")+0.5*COUNTIF($C11:$AG11,"H"&AO$6) -> 0
A12: =YearToDate!A15 -> 6 | B12: =VLOOKUP(A12,YearToDate!$A$9:$B$34,2,0) -> SHEHU NABILA | AH12: =COUNTIF($C12:$AG12,AH$6)+0.5*COUNTIF($C12:$AG12,AH$6&"H")+0.5*COUNTIF($C12:$AG12,"H"&AH$6) -> 0 | AI12: =COUNTIF($C12:$AG12,AI$6)+0.5*COUNTIF($C12:$AG12,AI$6&"H")+0.5*COUNTIF($C12:$AG12,"H"&AI$6) -> 0 | AJ12: =COUNTIF($C12:$AG12,AJ$6)+0.5*COUNTIF($C12:$AG12,AJ$6&"H")+0.5*COUNTIF($C12:$AG12,"H"&AJ$6) -> 0 | AK12: =COUNTIF($C12:$AG12,AK$6)+0.5*COUNTIF($C12:$AG12,AK$6&"H")+0.5*COUNTIF($C12:$AG12,"H"&AK$6) -> 0 | AL12: =COUNTIF($C12:$AG12,AL$6)+0.5*COUNTIF($C12:$AG12,AL$6&"H")+0.5*COUNTIF($C12:$AG12,"H"&AL$6) -> 0 | AM12: =COUNTIF($C12:$AG12,AM$6)+0.5*COUNTIF($C12:$AG12,AM$6&"H")+0.5*COUNTIF($C12:$AG12,"H"&AM$6) -> 0 | AN12: =COUNTIF($C12:$AG12,AN$6)+0.5*COUNTIF($C12:$AG12,AN$6&"H")+0.5*COUNTIF($C12:$AG12,"H"&AN$6) -> 0 | AO12: =COUNTIF($C12:$AG12,AO$6)+0.5*COUNTIF($C12:$AG12,AO$6&"H")+0.5*COUNTIF($C12:$AG12,"H"&AO$6) -> 0
